Sequence_ID,Cluster
1,6
2,4
3,20
4,40
5,5
6,21
7,12
8,15
9,1
10,41
11,4
12,59
13,0
14,24
15,2
16,1
17,6
18,59
19,56
20,12
21,1
22,0
23,4
24,64
25,80
26,3
27,7
28,1
29,0
30,50
31,0
32,2
33,85
34,3
35,32
36,0
37,4
38,3
39,0
40,5
41,25
42,96
43,3
44,96
45,111
46,7
47,1
48,4
49,2
50,6
51,34
52,2
53,4
54,50
55,0
56,4
57,17
58,9
59,0
60,5
61,79
62,0
63,1
64,39
65,5
66,1
67,79
68,0
69,0
70,0
71,3
72,5
73,9
74,20
75,2
76,82
77,130
78,0
79,133
80,4
81,61
82,132
83,0
84,26
85,12
86,46
87,5
88,6
89,54
90,29
91,2
92,137
93,7
94,12
95,15
96,0
97,5
98,5
99,1
100,0
101,11
102,1
103,13
104,61
105,20
106,87
107,42
108,113
109,3
110,127
111,16
112,0
113,5
114,12
115,4
116,66
117,74
118,4
119,82
120,3
121,39
122,42
123,2
124,63
125,79
126,2
127,2
128,7
129,12
130,108
131,95
132,4
133,6
134,62
135,119
136,6
137,4
138,2
139,15
140,30
141,90
142,113
143,58
144,55
145,13
146,4
147,145
148,12
149,0
150,0
151,18
152,4
153,3
154,34
155,9
156,5
157,9
158,7
159,63
160,16
161,34
162,1
163,40
164,47
165,29
166,61
167,6
168,5
169,12
170,7
171,27
172,3
173,24
174,31
175,3
176,7
177,0
178,3
179,3
180,70
181,2
182,16
183,19
184,20
185,24
186,76
187,25
188,130
189,6
190,5
191,2
192,19
193,4
194,25
195,73
196,7
197,4
198,2
199,3
200,34
201,12
202,13
203,1
204,69
205,92
206,0
207,4
208,3
209,1
210,5
211,33
212,1
213,2
214,102
215,0
216,2
217,6
218,4
219,7
220,162
221,21
222,9
223,2
224,124
225,113
226,0
227,6
228,88
229,1
230,152
231,27
232,3
233,48
234,0
235,17
236,19
237,12
238,28
239,53
240,63
241,20
242,0
243,1
244,4
245,4
246,3
247,22
248,7
249,12
250,4
251,27
252,9
253,0
254,0
255,75
256,25
257,0
258,15
259,127
260,89
261,2
262,85
263,4
264,15
265,6
266,78
267,7
268,0
269,0
270,0
271,13
272,1
273,2
274,2
275,0
276,57
277,16
278,144
279,1
280,0
281,6
282,4
283,5
284,20
285,5
286,21
287,53
288,16
289,7
290,79
291,11
292,48
293,12
294,3
295,5
296,21
297,19
298,3
299,13
300,0
301,2
302,5
303,1
304,0
305,0
306,1
307,42
308,6
309,94
310,63
311,6
312,82
313,4
314,4
315,52
316,3
317,2
318,0
319,3
320,150
321,2
322,2
323,6
324,1
325,4
326,12
327,16
328,13
329,1
330,3
331,0
332,62
333,70
334,3
335,13
336,27
337,85
338,3
339,21
340,20
341,25
342,0
343,9
344,3
345,12
346,113
347,106
348,2
349,1
350,20
351,48
352,78
353,9
354,1
355,47
356,28
357,0
358,19
359,21
360,19
361,111
362,30
363,19
364,12
365,154
366,3
367,6
368,24
369,1
370,111
371,9
372,21
373,2
374,13
375,2
376,1
377,6
378,6
379,34
380,6
381,73
382,20
383,16
384,3
385,4
386,1
387,1
388,112
389,12
390,62
391,0
392,12
393,8
394,9
395,120
396,76
397,20
398,0
399,15
400,37
401,3
402,3
403,4
404,3
405,47
406,18
407,18
408,41
409,21
410,4
411,3
412,0
413,120
414,9
415,77
416,3
417,13
418,2
419,17
420,33
421,2
422,44
423,4
424,15
425,39
426,7
427,6
428,48
429,38
430,70
431,7
432,42
433,15
434,6
435,2
436,18
437,38
438,1
439,25
440,60
441,67
442,2
443,35
444,39
445,78
446,4
447,0
448,135
449,58
450,27
451,1
452,2
453,2
454,103
455,2
456,91
457,2
458,9
459,19
460,3
461,24
462,12
463,20
464,4
465,84
466,94
467,18
468,70
469,3
470,4
471,28
472,3
473,16
474,25
475,111
476,0
477,16
478,0
479,0
480,39
481,2
482,3
483,1
484,157
485,6
486,2
487,12
488,89
489,6
490,29
491,6
492,21
493,33
494,1
495,24
496,54
497,33
498,0
499,91
500,64
501,0
502,0
503,163
504,3
505,52
506,7
507,117
508,5
509,9
510,2
511,61
512,120
513,61
514,3
515,0
516,0
517,6
518,99
519,1
520,17
521,9
522,72
523,15
524,12
525,82
526,42
527,3
528,12
529,27
530,0
531,28
532,15
533,28
534,0
535,136
536,15
537,5
538,30
539,4
540,6
541,3
542,103
543,40
544,0
545,16
546,29
547,34
548,32
549,38
550,83
551,43
552,107
553,109
554,1
555,9
556,20
557,12
558,2
559,12
560,2
561,92
562,26
563,97
564,5
565,9
566,0
567,7
568,125
569,1
570,18
571,122
572,16
573,27
574,31
575,4
576,15
577,4
578,13
579,6
580,78
581,4
582,4
583,32
584,4
585,42
586,28
587,4
588,44
589,0
590,4
591,57
592,89
593,2
594,4
595,35
596,5
597,24
598,30
599,143
600,1
601,4
602,1
603,1
604,2
605,32
606,2
607,0
608,7
609,91
610,3
611,8
612,26
613,5
614,1
615,2
616,26
617,6
618,2
619,2
620,17
621,0
622,19
623,37
624,50
625,112
626,11
627,19
628,2
629,25
630,3
631,57
632,40
633,2
634,2
635,40
636,2
637,40
638,66
639,4
640,34
641,21
642,4
643,3
644,3
645,6
646,1
647,9
648,58
649,91
650,0
651,18
652,28
653,19
654,62
655,0
656,24
657,4
658,19
659,9
660,21
661,55
662,12
663,28
664,22
665,0
666,12
667,7
668,2
669,1
670,4
671,47
672,149
673,2
674,10
675,2
676,3
677,33
678,29
679,4
680,88
681,5
682,18
683,87
684,13
685,19
686,20
687,2
688,5
689,2
690,22
691,9
692,56
693,1
694,55
695,149
696,24
697,55
698,2
699,6
700,9
701,127
702,0
703,33
704,117
705,65
706,16
707,13
708,4
709,4
710,4
711,1
712,0
713,57
714,19
715,3
716,13
717,3
718,27
719,0
720,2
721,9
722,2
723,0
724,4
725,4
726,29
727,18
728,47
729,3
730,16
731,4
732,0
733,38
734,2
735,26
736,13
737,34
738,41
739,19
740,24
741,2
742,0
743,24
744,2
745,165
746,24
747,1
748,79
749,3
750,141
751,1
752,96
753,1
754,16
755,0
756,5
757,6
758,9
759,4
760,0
761,8
762,1
763,2
764,46
765,20
766,32
767,12
768,5
769,2
770,13
771,5
772,25
773,16
774,4
775,4
776,4
777,3
778,19
779,26
780,6
781,108
782,2
783,6
784,127
785,3
786,78
787,2
788,38
789,39
790,9
791,3
792,2
793,0
794,1
795,21
796,29
797,4
798,11
799,4
800,13
801,6
802,4
803,2
804,5
805,116
806,72
807,1
808,0
809,1
810,1
811,29
812,17
813,16
814,2
815,102
816,7
817,1
818,0
819,2
820,121
821,12
822,4
823,82
824,21
825,2
826,37
827,4
828,0
829,21
830,31
831,9
832,83
833,93
834,104
835,0
836,6
837,12
838,89
839,4
840,2
841,48
842,12
843,25
844,4
845,7
846,3
847,19
848,4
849,9
850,30
851,2
852,4
853,16
854,20
855,19
856,2
857,72
858,65
859,38
860,57
861,43
862,134
863,0
864,33
865,7
866,121
867,17
868,69
869,4
870,43
871,86
872,29
873,0
874,24
875,4
876,7
877,76
878,1
879,18
880,54
881,26
882,56
883,12
884,16
885,1
886,7
887,12
888,3
889,5
890,41
891,84
892,60
893,0
894,6
895,2
896,15
897,3
898,104
899,1
900,6
901,7
902,3
903,56
904,6
905,18
906,6
907,27
908,6
909,2
910,15
911,116
912,25
913,52
914,26
915,16
916,114
917,13
918,0
919,104
920,75
921,27
922,3
923,47
924,0
925,3
926,4
927,2
928,2
929,1
930,6
931,2
932,2
933,37
934,0
935,4
936,17
937,27
938,4
939,29
940,5
941,2
942,47
943,1
944,0
945,24
946,19
947,6
948,2
949,9
950,0
951,3
952,6
953,1
954,73
955,1
956,130
957,45
958,2
959,94
960,2
961,117
962,11
963,3
964,119
965,33
966,1
967,4
968,1
969,1
970,4
971,3
972,3
973,93
974,90
975,0
976,59
977,0
978,69
979,6
980,29
981,2
982,73
983,82
984,0
985,34
986,3
987,37
988,16
989,0
990,38
991,1
992,0
993,16
994,9
995,4
996,1
997,2
998,48
999,3
1000,0
1001,4
1002,12
1003,4
1004,24
1005,49
1006,4
1007,3
1008,18
1009,9
1010,2
1011,2
1012,33
1013,9
1014,0
1015,3
1016,3
1017,33
1018,4
1019,24
1020,30
1021,9
1022,3
1023,67
1024,2
1025,16
1026,2
1027,4
1028,3
1029,13
1030,13
1031,141
1032,17
1033,0
1034,2
1035,50
1036,59
1037,1
1038,13
1039,86
1040,100
1041,3
1042,54
1043,88
1044,4
1045,2
1046,88
1047,26
1048,0
1049,35
1050,67
1051,18
1052,4
1053,30
1054,29
1055,21
1056,2
1057,4
1058,15
1059,13
1060,0
1061,26
1062,171
1063,45
1064,0
1065,9
1066,9
1067,16
1068,1
1069,3
1070,16
1071,6
1072,30
1073,1
1074,72
1075,20
1076,6
1077,3
1078,67
1079,1
1080,107
1081,35
1082,50
1083,2
1084,103
1085,18
1086,49
1087,0
1088,9
1089,45
1090,3
1091,13
1092,6
1093,12
1094,19
1095,0
1096,43
1097,56
1098,2
1099,73
1100,19
1101,2
1102,7
1103,0
1104,12
1105,0
1106,80
1107,16
1108,99
1109,16
1110,19
1111,1
1112,7
1113,25
1114,11
1115,73
1116,1
1117,16
1118,4
1119,27
1120,2
1121,3
1122,13
1123,12
1124,50
1125,2
1126,1
1127,0
1128,1
1129,9
1130,3
1131,0
1132,1
1133,0
1134,17
1135,0
1136,26
1137,0
1138,1
1139,62
1140,27
1141,0
1142,7
1143,12
1144,2
1145,0
1146,58
1147,67
1148,21
1149,6
1150,22
1151,60
1152,1
1153,9
1154,1
1155,4
1156,8
1157,56
1158,43
1159,26
1160,3
1161,3
1162,12
1163,9
1164,4
1165,69
1166,32
1167,7
1168,13
1169,6
1170,1
1171,0
1172,37
1173,80
1174,3
1175,46
1176,87
1177,103
1178,45
1179,5
1180,9
1181,9
1182,2
1183,2
1184,6
1185,0
1186,57
1187,20
1188,4
1189,15
1190,116
1191,2
1192,7
1193,54
1194,5
1195,59
1196,96
1197,17
1198,13
1199,78
1200,60
1201,83
1202,1
1203,6
1204,9
1205,3
1206,24
1207,0
1208,17
1209,6
1210,22
1211,116
1212,11
1213,163
1214,2
1215,0
1216,1
1217,3
1218,40
1219,6
1220,3
1221,92
1222,1
1223,3
1224,34
1225,17
1226,85
1227,0
1228,138
1229,1
1230,2
1231,83
1232,114
1233,3
1234,0
1235,28
1236,85
1237,7
1238,38
1239,0
1240,92
1241,2
1242,3
1243,76
1244,3
1245,105
1246,4
1247,1
1248,5
1249,0
1250,17
1251,25
1252,0
1253,3
1254,2
1255,22
1256,5
1257,6
1258,30
1259,0
1260,2
1261,46
1262,0
1263,88
1264,0
1265,20
1266,62
1267,15
1268,9
1269,29
1270,4
1271,2
1272,0
1273,30
1274,13
1275,15
1276,49
1277,38
1278,2
1279,3
1280,4
1281,15
1282,1
1283,3
1284,3
1285,19
1286,2
1287,20
1288,1
1289,6
1290,15
1291,79
1292,9
1293,35
1294,13
1295,1
1296,4
1297,62
1298,3
1299,5
1300,6
1301,22
1302,37
1303,124
1304,4
1305,3
1306,1
1307,0
1308,0
1309,0
1310,65
1311,72
1312,5
1313,7
1314,0
1315,17
1316,53
1317,13
1318,60
1319,82
1320,18
1321,5
1322,20
1323,0
1324,24
1325,15
1326,6
1327,39
1328,17
1329,63
1330,60
1331,4
1332,16
1333,27
1334,26
1335,6
1336,12
1337,20
1338,2
1339,27
1340,0
1341,3
1342,6
1343,2
1344,1
1345,87
1346,3
1347,0
1348,3
1349,86
1350,0
1351,59
1352,9
1353,29
1354,56
1355,54
1356,5
1357,37
1358,19
1359,1
1360,7
1361,5
1362,15
1363,28
1364,63
1365,8
1366,0
1367,1
1368,2
1369,3
1370,1
1371,21
1372,3
1373,32
1374,4
1375,33
1376,0
1377,97
1378,2
1379,3
1380,78
1381,3
1382,22
1383,1
1384,126
1385,2
1386,25
1387,32
1388,130
1389,113
1390,3
1391,1
1392,2
1393,5
1394,44
1395,9
1396,7
1397,6
1398,3
1399,0
1400,24
1401,4
1402,12
1403,9
1404,0
1405,0
1406,3
1407,16
1408,12
1409,3
1410,3
1411,24
1412,34
1413,3
1414,22
1415,2
1416,2
1417,6
1418,1
1419,83
1420,26
1421,3
1422,1
1423,74
1424,16
1425,82
1426,2
1427,6
1428,44
1429,68
1430,17
1431,31
1432,5
1433,68
1434,0
1435,4
1436,0
1437,34
1438,28
1439,16
1440,18
1441,53
1442,3
1443,13
1444,90
1445,32
1446,2
1447,2
1448,2
1449,20
1450,99
1451,0
1452,12
1453,21
1454,30
1455,4
1456,3
1457,15
1458,4
1459,2
1460,0
1461,80
1462,4
1463,17
1464,12
1465,0
1466,31
1467,12
1468,5
1469,64
1470,0
1471,16
1472,26
1473,1
1474,9
1475,93
1476,2
1477,5
1478,4
1479,0
1480,4
1481,1
1482,67
1483,1
1484,85
1485,62
1486,1
1487,94
1488,38
1489,1
1490,22
1491,18
1492,19
1493,64
1494,7
1495,4
1496,0
1497,15
1498,0
1499,5
1500,3
1501,17
1502,128
1503,44
1504,3
1505,2
1506,27
1507,1
1508,2
1509,2
1510,3
1511,84
1512,20
1513,21
1514,28
1515,4
1516,5
1517,6
1518,113
1519,1
1520,27
1521,2
1522,86
1523,2
1524,0
1525,0
1526,29
1527,3
1528,4
1529,2
1530,0
1531,1
1532,24
1533,70
1534,30
1535,1
1536,30
1537,64
1538,66
1539,32
1540,18
1541,0
1542,44
1543,40
1544,1
1545,4
1546,4
1547,26
1548,16
1549,4
1550,4
1551,64
1552,3
1553,3
1554,12
1555,3
1556,0
1557,20
1558,0
1559,1
1560,6
1561,31
1562,24
1563,98
1564,0
1565,114
1566,45
1567,1
1568,89
1569,7
1570,4
1571,58
1572,19
1573,6
1574,53
1575,104
1576,105
1577,12
1578,1
1579,42
1580,44
1581,70
1582,4
1583,37
1584,59
1585,1
1586,142
1587,24
1588,7
1589,27
1590,4
1591,1
1592,0
1593,18
1594,19
1595,133
1596,26
1597,16
1598,2
1599,35
1600,2
1601,3
1602,21
1603,1
1604,6
1605,2
1606,3
1607,98
1608,2
1609,8
1610,13
1611,31
1612,147
1613,1
1614,48
1615,3
1616,17
1617,6
1618,6
1619,63
1620,6
1621,4
1622,3
1623,15
1624,64
1625,0
1626,1
1627,8
1628,16
1629,24
1630,19
1631,1
1632,1
1633,5
1634,4
1635,164
1636,4
1637,0
1638,1
1639,34
1640,2
1641,34
1642,19
1643,62
1644,59
1645,21
1646,174
1647,18
1648,3
1649,4
1650,68
1651,2
1652,1
1653,4
1654,95
1655,5
1656,7
1657,132
1658,18
1659,3
1660,97
1661,112
1662,9
1663,2
1664,1
1665,60
1666,32
1667,2
1668,2
1669,22
1670,4
1671,69
1672,40
1673,9
1674,13
1675,93
1676,17
1677,2
1678,1
1679,87
1680,1
1681,73
1682,4
1683,4
1684,46
1685,8
1686,49
1687,172
1688,2
1689,4
1690,24
1691,40
1692,35
1693,5
1694,0
1695,2
1696,4
1697,130
1698,33
1699,65
1700,6
1701,5
1702,135
1703,0
1704,106
1705,15
1706,13
1707,4
1708,4
1709,0
1710,7
1711,1
1712,13
1713,12
1714,91
1715,172
1716,0
1717,16
1718,12
1719,26
1720,62
1721,35
1722,0
1723,6
1724,4
1725,12
1726,25
1727,2
1728,69
1729,67
1730,13
1731,2
1732,2
1733,18
1734,5
1735,58
1736,6
1737,1
1738,6
1739,59
1740,4
1741,20
1742,24
1743,2
1744,4
1745,50
1746,1
1747,3
1748,3
1749,17
1750,6
1751,57
1752,5
1753,68
1754,63
1755,72
1756,26
1757,5
1758,20
1759,4
1760,22
1761,1
1762,39
1763,5
1764,18
1765,20
1766,4
1767,20
1768,5
1769,97
1770,9
1771,50
1772,39
1773,88
1774,2
1775,24
1776,24
1777,27
1778,38
1779,3
1780,1
1781,0
1782,3
1783,22
1784,64
1785,73
1786,1
1787,4
1788,1
1789,3
1790,0
1791,3
1792,66
1793,76
1794,62
1795,16
1796,1
1797,2
1798,7
1799,7
1800,84
1801,35
1802,2
1803,4
1804,25
1805,0
1806,16
1807,18
1808,6
1809,13
1810,9
1811,49
1812,1
1813,6
1814,5
1815,2
1816,13
1817,27
1818,4
1819,2
1820,55
1821,2
1822,2
1823,64
1824,113
1825,47
1826,12
1827,15
1828,22
1829,15
1830,25
1831,148
1832,9
1833,49
1834,5
1835,95
1836,72
1837,22
1838,0
1839,3
1840,47
1841,13
1842,3
1843,7
1844,19
1845,13
1846,3
1847,0
1848,1
1849,25
1850,26
1851,1
1852,20
1853,0
1854,33
1855,2
1856,0
1857,7
1858,139
1859,6
1860,13
1861,28
1862,3
1863,4
1864,0
1865,22
1866,18
1867,45
1868,4
1869,1
1870,13
1871,5
1872,77
1873,4
1874,2
1875,4
1876,2
1877,6
1878,46
1879,18
1880,3
1881,19
1882,41
1883,12
1884,28
1885,13
1886,66
1887,86
1888,0
1889,95
1890,9
1891,35
1892,17
1893,0
1894,54
1895,20
1896,42
1897,12
1898,0
1899,4
1900,25
1901,67
1902,1
1903,3
1904,25
1905,26
1906,41
1907,28
1908,4
1909,151
1910,1
1911,40
1912,1
1913,3
1914,20
1915,2
1916,5
1917,112
1918,0
1919,9
1920,43
1921,12
1922,19
1923,0
1924,40
1925,0
1926,0
1927,9
1928,79
1929,4
1930,26
1931,0
1932,18
1933,2
1934,1
1935,0
1936,6
1937,0
1938,66
1939,35
1940,31
1941,0
1942,31
1943,41
1944,21
1945,39
1946,0
1947,22
1948,97
1949,1
1950,1
1951,1
1952,19
1953,122
1954,17
1955,7
1956,70
1957,2
1958,0
1959,75
1960,19
1961,68
1962,5
1963,0
1964,3
1965,3
1966,54
1967,2
1968,1
1969,22
1970,98
1971,2
1972,82
1973,3
1974,70
1975,94
1976,0
1977,1
1978,110
1979,18
1980,3
1981,13
1982,147
1983,96
1984,20
1985,4
1986,38
1987,12
1988,0
1989,77
1990,21
1991,2
1992,72
1993,19
1994,9
1995,32
1996,1
1997,0
1998,40
1999,4
2000,1
2001,124
2002,24
2003,1
2004,13
2005,7
2006,12
2007,0
2008,95
2009,20
2010,1
2011,22
2012,2
2013,37
2014,4
2015,4
2016,0
2017,32
2018,2
2019,1
2020,7
2021,7
2022,43
2023,2
2024,27
2025,8
2026,133
2027,83
2028,26
2029,128
2030,3
2031,5
2032,52
2033,9
2034,12
2035,0
2036,169
2037,1
2038,87
2039,3
2040,13
2041,22
2042,17
2043,6
2044,5
2045,28
2046,0
2047,37
2048,1
2049,173
2050,5
2051,0
2052,5
2053,4
2054,54
2055,2
2056,3
2057,0
2058,3
2059,4
2060,86
2061,38
2062,1
2063,183
2064,1
2065,2
2066,5
2067,3
2068,139
2069,56
2070,104
2071,37
2072,61
2073,6
2074,3
2075,3
2076,25
2077,86
2078,7
2079,12
2080,11
2081,0
2082,7
2083,4
2084,9
2085,2
2086,2
2087,0
2088,3
2089,41
2090,2
2091,5
2092,5
2093,148
2094,0
2095,79
2096,122
2097,15
2098,28
2099,3
2100,2
2101,20
2102,17
2103,16
2104,20
2105,9
2106,2
2107,0
2108,3
2109,5
2110,52
2111,18
2112,95
2113,4
2114,22
2115,16
2116,52
2117,117
2118,7
2119,35
2120,30
2121,20
2122,2
2123,0
2124,82
2125,1
2126,3
2127,0
2128,34
2129,20
2130,18
2131,91
2132,0
2133,19
2134,0
2135,0
2136,162
2137,7
2138,69
2139,3
2140,1
2141,80
2142,45
2143,0
2144,7
2145,13
2146,20
2147,61
2148,95
2149,41
2150,61
2151,0
2152,1
2153,32
2154,1
2155,1
2156,9
2157,1
2158,12
2159,9
2160,35
2161,0
2162,20
2163,13
2164,30
2165,12
2166,4
2167,3
2168,82
2169,55
2170,0
2171,16
2172,26
2173,9
2174,0
2175,1
2176,8
2177,31
2178,54
2179,97
2180,3
2181,55
2182,83
2183,88
2184,4
2185,6
2186,1
2187,16
2188,3
2189,0
2190,3
2191,40
2192,9
2193,2
2194,88
2195,0
2196,9
2197,2
2198,12
2199,59
2200,1
2201,9
2202,3
2203,12
2204,2
2205,132
2206,3
2207,119
2208,94
2209,5
2210,11
2211,33
2212,6
2213,130
2214,1
2215,84
2216,9
2217,0
2218,32
2219,3
2220,5
2221,151
2222,22
2223,0
2224,0
2225,5
2226,0
2227,0
2228,3
2229,4
2230,19
2231,1
2232,6
2233,126
2234,1
2235,40
2236,45
2237,0
2238,40
2239,1
2240,80
2241,24
2242,1
2243,67
2244,19
2245,2
2246,13
2247,2
2248,4
2249,58
2250,2
2251,3
2252,20
2253,4
2254,3
2255,20
2256,89
2257,19
2258,16
2259,12
2260,9
2261,0
2262,2
2263,17
2264,0
2265,116
2266,2
2267,7
2268,0
2269,25
2270,152
2271,24
2272,35
2273,0
2274,4
2275,2
2276,73
2277,25
2278,7
2279,25
2280,1
2281,12
2282,27
2283,19
2284,100
2285,53
2286,3
2287,97
2288,80
2289,107
2290,15
2291,76
2292,2
2293,60
2294,6
2295,104
2296,9
2297,2
2298,5
2299,55
2300,54
2301,3
2302,5
2303,15
2304,4
2305,4
2306,127
2307,6
2308,78
2309,4
2310,54
2311,33
2312,40
2313,43
2314,17
2315,74
2316,1
2317,24
2318,126
2319,26
2320,21
2321,0
2322,7
2323,3
2324,0
2325,92
2326,41
2327,2
2328,12
2329,58
2330,0
2331,13
2332,52
2333,92
2334,12
2335,25
2336,6
2337,16
2338,0
2339,102
2340,18
2341,2
2342,115
2343,12
2344,1
2345,119
2346,19
2347,0
2348,5
2349,147
2350,31
2351,102
2352,4
2353,39
2354,0
2355,22
2356,109
2357,18
2358,2
2359,2
2360,2
2361,1
2362,16
2363,2
2364,16
2365,63
2366,6
2367,1
2368,89
2369,4
2370,0
2371,74
2372,22
2373,26
2374,0
2375,92
2376,6
2377,0
2378,134
2379,7
2380,77
2381,153
2382,12
2383,84
2384,0
2385,33
2386,4
2387,143
2388,4
2389,4
2390,87
2391,1
2392,22
2393,35
2394,69
2395,0
2396,131
2397,2
2398,2
2399,57
2400,12
2401,9
2402,56
2403,3
2404,60
2405,28
2406,2
2407,12
2408,77
2409,3
2410,4
2411,1
2412,0
2413,92
2414,50
2415,1
2416,38
2417,60
2418,0
2419,2
2420,22
2421,56
2422,106
2423,9
2424,2
2425,35
2426,48
2427,144
2428,3
2429,38
2430,2
2431,90
2432,2
2433,68
2434,21
2435,2
2436,1
2437,5
2438,75
2439,3
2440,77
2441,16
2442,2
2443,0
2444,5
2445,15
2446,0
2447,32
2448,12
2449,2
2450,142
2451,3
2452,13
2453,30
2454,29
2455,5
2456,14
2457,0
2458,21
2459,72
2460,5
2461,0
2462,4
2463,19
2464,4
2465,9
2466,171
2467,49
2468,0
2469,15
2470,5
2471,9
2472,6
2473,60
2474,9
2475,0
2476,0
2477,144
2478,6
2479,6
2480,15
2481,32
2482,85
2483,20
2484,136
2485,92
2486,25
2487,96
2488,91
2489,20
2490,69
2491,5
2492,104
2493,83
2494,2
2495,0
2496,117
2497,4
2498,2
2499,22
2500,72
2501,12
2502,0
2503,9
2504,37
2505,105
2506,39
2507,12
2508,2
2509,6
2510,40
2511,6
2512,8
2513,17
2514,15
2515,16
2516,1
2517,4
2518,53
2519,27
2520,9
2521,19
2522,59
2523,12
2524,2
2525,92
2526,0
2527,2
2528,0
2529,12
2530,0
2531,3
2532,2
2533,1
2534,40
2535,19
2536,9
2537,20
2538,3
2539,6
2540,13
2541,3
2542,1
2543,120
2544,107
2545,28
2546,104
2547,33
2548,1
2549,16
2550,4
2551,94
2552,135
2553,41
2554,56
2555,141
2556,16
2557,25
2558,2
2559,6
2560,4
2561,4
2562,0
2563,2
2564,6
2565,32
2566,2
2567,76
2568,27
2569,2
2570,28
2571,15
2572,2
2573,85
2574,3
2575,12
2576,2
2577,31
2578,45
2579,0
2580,3
2581,32
2582,12
2583,12
2584,111
2585,15
2586,6
2587,6
2588,3
2589,72
2590,3
2591,9
2592,9
2593,3
2594,3
2595,12
2596,0
2597,4
2598,54
2599,4
2600,4
2601,12
2602,19
2603,2
2604,7
2605,4
2606,5
2607,35
2608,1
2609,9
2610,86
2611,27
2612,41
2613,2
2614,1
2615,132
2616,3
2617,3
2618,5
2619,33
2620,12
2621,11
2622,22
2623,120
2624,34
2625,99
2626,16
2627,0
2628,24
2629,0
2630,2
2631,17
2632,3
2633,1
2634,9
2635,46
2636,1
2637,24
2638,66
2639,54
2640,2
2641,12
2642,136
2643,6
2644,17
2645,35
2646,3
2647,0
2648,0
2649,1
2650,4
2651,77
2652,59
2653,46
2654,67
2655,3
2656,1
2657,24
2658,65
2659,2
2660,31
2661,47
2662,2
2663,0
2664,4
2665,63
2666,9
2667,3
2668,4
2669,18
2670,3
2671,1
2672,4
2673,30
2674,35
2675,12
2676,74
2677,59
2678,6
2679,55
2680,19
2681,17
2682,0
2683,2
2684,2
2685,6
2686,33
2687,7
2688,2
2689,2
2690,137
2691,1
2692,2
2693,5
2694,5
2695,21
2696,136
2697,1
2698,9
2699,99
2700,12
2701,19
2702,4
2703,7
2704,141
2705,40
2706,3
2707,77
2708,3
2709,53
2710,90
2711,1
2712,0
2713,61
2714,5
2715,16
2716,6
2717,11
2718,9
2719,20
2720,5
2721,86
2722,2
2723,2
2724,25
2725,5
2726,16
2727,49
2728,22
2729,12
2730,18
2731,105
2732,4
2733,46
2734,27
2735,25
2736,126
2737,5
2738,2
2739,21
2740,2
2741,3
2742,9
2743,113
2744,2
2745,16
2746,55
2747,1
2748,6
2749,3
2750,75
2751,39
2752,77
2753,3
2754,26
2755,1
2756,138
2757,79
2758,17
2759,153
2760,2
2761,164
2762,19
2763,4
2764,3
2765,45
2766,17
2767,0
2768,48
2769,3
2770,26
2771,3
2772,0
2773,54
2774,29
2775,3
2776,71
2777,38
2778,133
2779,3
2780,19
2781,128
2782,0
2783,50
2784,7
2785,22
2786,0
2787,5
2788,4
2789,21
2790,6
2791,120
2792,2
2793,7
2794,1
2795,1
2796,3
2797,0
2798,77
2799,8
2800,30
2801,52
2802,61
2803,7
2804,1
2805,0
2806,34
2807,19
2808,64
2809,2
2810,4
2811,9
2812,69
2813,28
2814,4
2815,0
2816,46
2817,4
2818,3
2819,22
2820,13
2821,16
2822,119
2823,5
2824,2
2825,4
2826,3
2827,27
2828,2
2829,0
2830,28
2831,67
2832,33
2833,45
2834,120
2835,2
2836,46
2837,4
2838,37
2839,33
2840,30
2841,3
2842,0
2843,184
2844,78
2845,18
2846,0
2847,6
2848,138
2849,2
2850,6
2851,5
2852,20
2853,59
2854,41
2855,125
2856,124
2857,19
2858,1
2859,12
2860,1
2861,143
2862,18
2863,114
2864,18
2865,5
2866,0
2867,27
2868,12
2869,3
2870,28
2871,89
2872,44
2873,2
2874,1
2875,1
2876,50
2877,6
2878,15
2879,1
2880,29
2881,15
2882,40
2883,1
2884,2
2885,148
2886,115
2887,15
2888,13
2889,4
2890,61
2891,0
2892,1
2893,20
2894,161
2895,22
2896,3
2897,61
2898,6
2899,3
2900,3
2901,6
2902,17
2903,26
2904,6
2905,68
2906,16
2907,12
2908,8
2909,2
2910,1
2911,79
2912,58
2913,0
2914,21
2915,70
2916,4
2917,1
2918,6
2919,1
2920,15
2921,2
2922,82
2923,0
2924,20
2925,97
2926,135
2927,1
2928,5
2929,2
2930,125
2931,66
2932,44
2933,29
2934,1
2935,1
2936,47
2937,12
2938,7
2939,4
2940,1
2941,1
2942,7
2943,38
2944,13
2945,4
2946,9
2947,2
2948,1
2949,7
2950,13
2951,85
2952,12
2953,6
2954,2
2955,0
2956,2
2957,143
2958,4
2959,21
2960,2
2961,29
2962,9
2963,102
2964,8
2965,6
2966,64
2967,39
2968,2
2969,4
2970,48
2971,17
2972,3
2973,136
2974,0
2975,3
2976,50
2977,90
2978,5
2979,2
2980,32
2981,32
2982,31
2983,16
2984,6
2985,21
2986,2
2987,0
2988,4
2989,1
2990,2
2991,31
2992,64
2993,1
2994,45
2995,45
2996,0
2997,15
2998,17
2999,5
3000,2
3001,4
3002,5
3003,57
3004,0
3005,34
3006,4
3007,16
3008,3
3009,4
3010,62
3011,80
3012,21
3013,4
3014,60
3015,12
3016,67
3017,2
3018,8
3019,5
3020,15
3021,105
3022,50
3023,15
3024,45
3025,32
3026,30
3027,9
3028,19
3029,19
3030,31
3031,32
3032,1
3033,4
3034,66
3035,13
3036,18
3037,0
3038,1
3039,43
3040,67
3041,0
3042,4
3043,34
3044,2
3045,0
3046,65
3047,3
3048,0
3049,9
3050,2
3051,1
3052,2
3053,0
3054,116
3055,15
3056,62
3057,24
3058,4
3059,31
3060,86
3061,9
3062,6
3063,17
3064,4
3065,3
3066,2
3067,0
3068,0
3069,6
3070,26
3071,53
3072,9
3073,0
3074,4
3075,3
3076,103
3077,3
3078,3
3079,19
3080,19
3081,1
3082,35
3083,41
3084,40
3085,96
3086,32
3087,9
3088,83
3089,19
3090,0
3091,1
3092,43
3093,34
3094,35
3095,6
3096,21
3097,5
3098,3
3099,154
3100,9
3101,6
3102,20
3103,4
3104,11
3105,20
3106,27
3107,0
3108,12
3109,3
3110,63
3111,24
3112,63
3113,27
3114,3
3115,124
3116,49
3117,18
3118,6
3119,136
3120,17
3121,34
3122,115
3123,58
3124,2
3125,4
3126,6
3127,11
3128,3
3129,72
3130,2
3131,133
3132,2
3133,9
3134,2
3135,27
3136,2
3137,69
3138,79
3139,5
3140,0
3141,58
3142,0
3143,19
3144,12
3145,32
3146,19
3147,0
3148,6
3149,143
3150,0
3151,4
3152,9
3153,2
3154,6
3155,2
3156,26
3157,3
3158,2
3159,16
3160,16
3161,3
3162,92
3163,9
3164,27
3165,53
3166,1
3167,124
3168,0
3169,90
3170,1
3171,13
3172,31
3173,9
3174,7
3175,26
3176,20
3177,0
3178,1
3179,43
3180,1
3181,3
3182,44
3183,2
3184,37
3185,78
3186,2
3187,3
3188,9
3189,4
3190,18
3191,38
3192,42
3193,2
3194,25
3195,1
3196,6
3197,2
3198,3
3199,17
3200,0
3201,49
3202,2
3203,156
3204,3
3205,18
3206,33
3207,72
3208,2
3209,1
3210,0
3211,0
3212,13
3213,2
3214,3
3215,98
3216,0
3217,106
3218,3
3219,0
3220,19
3221,21
3222,41
3223,4
3224,25
3225,1
3226,1
3227,13
3228,43
3229,152
3230,13
3231,138
3232,12
3233,106
3234,0
3235,29
3236,4
3237,3
3238,22
3239,3
3240,1
3241,1
3242,73
3243,2
3244,48
3245,21
3246,117
3247,4
3248,77
3249,4
3250,26
3251,6
3252,9
3253,3
3254,7
3255,28
3256,5
3257,6
3258,5
3259,0
3260,12
3261,97
3262,4
3263,33
3264,4
3265,1
3266,12
3267,21
3268,16
3269,5
3270,20
3271,13
3272,5
3273,3
3274,2
3275,3
3276,57
3277,7
3278,2
3279,150
3280,2
3281,112
3282,4
3283,3
3284,4
3285,88
3286,9
3287,15
3288,17
3289,35
3290,93
3291,94
3292,0
3293,32
3294,4
3295,1
3296,11
3297,0
3298,2
3299,44
3300,3
3301,30
3302,34
3303,73
3304,67
3305,105
3306,0
3307,6
3308,2
3309,0
3310,19
3311,154
3312,0
3313,106
3314,4
3315,9
3316,0
3317,59
3318,4
3319,21
3320,5
3321,4
3322,9
3323,80
3324,15
3325,55
3326,9
3327,5
3328,12
3329,4
3330,45
3331,6
3332,98
3333,37
3334,6
3335,13
3336,1
3337,52
3338,29
3339,3
3340,21
3341,126
3342,39
3343,0
3344,0
3345,2
3346,6
3347,12
3348,61
3349,0
3350,2
3351,6
3352,142
3353,35
3354,9
3355,12
3356,4
3357,26
3358,18
3359,13
3360,0
3361,26
3362,3
3363,13
3364,169
3365,19
3366,31
3367,16
3368,6
3369,46
3370,1
3371,26
3372,106
3373,33
3374,21
3375,1
3376,20
3377,0
3378,6
3379,2
3380,7
3381,4
3382,4
3383,1
3384,37
3385,2
3386,3
3387,20
3388,3
3389,3
3390,10
3391,39
3392,1
3393,12
3394,29
3395,13
3396,52
3397,24
3398,18
3399,2
3400,5
3401,112
3402,2
3403,75
3404,4
3405,18
3406,5
3407,2
3408,12
3409,3
3410,6
3411,2
3412,90
3413,15
3414,9
3415,24
3416,136
3417,66
3418,2
3419,3
3420,24
3421,5
3422,0
3423,5
3424,0
3425,3
3426,5
3427,11
3428,24
3429,4
3430,5
3431,1
3432,3
3433,30
3434,3
3435,22
3436,40
3437,0
3438,1
3439,62
3440,24
3441,137
3442,19
3443,4
3444,1
3445,1
3446,53
3447,12
3448,2
3449,9
3450,0
3451,31
3452,39
3453,4
3454,2
3455,1
3456,7
3457,21
3458,6
3459,61
3460,4
3461,22
3462,3
3463,4
3464,40
3465,115
3466,5
3467,2
3468,7
3469,13
3470,38
3471,6
3472,95
3473,2
3474,27
3475,16
3476,0
3477,28
3478,126
3479,0
3480,4
3481,2
3482,7
3483,4
3484,13
3485,22
3486,39
3487,5
3488,2
3489,19
3490,17
3491,2
3492,2
3493,11
3494,50
3495,20
3496,126
3497,1
3498,156
3499,16
3500,2
3501,15
3502,2
3503,24
3504,5
3505,22
3506,35
3507,0
3508,12
3509,2
3510,84
3511,0
3512,16
3513,2
3514,3
3515,90
3516,12
3517,95
3518,12
3519,89
3520,35
3521,25
3522,2
3523,94
3524,0
3525,117
3526,18
3527,19
3528,31
3529,4
3530,1
3531,20
3532,0
3533,2
3534,79
3535,116
3536,0
3537,2
3538,1
3539,2
3540,3
3541,68
3542,7
3543,121
3544,7
3545,30
3546,60
3547,17
3548,35
3549,15
3550,9
3551,41
3552,4
3553,37
3554,3
3555,7
3556,46
3557,4
3558,12
3559,9
3560,1
3561,117
3562,30
3563,1
3564,0
3565,13
3566,4
3567,128
3568,3
3569,59
3570,0
3571,3
3572,5
3573,12
3574,46
3575,0
3576,17
3577,6
3578,9
3579,16
3580,15
3581,38
3582,2
3583,25
3584,6
3585,25
3586,58
3587,16
3588,32
3589,32
3590,8
3591,13
3592,12
3593,3
3594,15
3595,13
3596,3
3597,29
3598,0
3599,26
3600,5
3601,7
3602,6
3603,10
3604,4
3605,2
3606,2
3607,4
3608,12
3609,1
3610,12
3611,0
3612,3
3613,4
3614,4
3615,12
3616,13
3617,12
3618,20
3619,3
3620,1
3621,2
3622,7
3623,3
3624,18
3625,29
3626,1
3627,31
3628,26
3629,5
3630,122
3631,2
3632,74
3633,1
3634,3
3635,38
3636,54
3637,45
3638,19
3639,50
3640,6
3641,3
3642,41
3643,24
3644,11
3645,2
3646,13
3647,0
3648,9
3649,0
3650,174
3651,157
3652,16
3653,74
3654,6
3655,2
3656,3
3657,2
3658,12
3659,79
3660,1
3661,4
3662,9
3663,2
3664,1
3665,86
3666,10
3667,13
3668,3
3669,39
3670,62
3671,3
3672,18
3673,66
3674,115
3675,9
3676,6
3677,1
3678,49
3679,1
3680,92
3681,40
3682,20
3683,4
3684,4
3685,40
3686,29
3687,42
3688,0
3689,138
3690,3
3691,4
3692,175
3693,12
3694,29
3695,9
3696,17
3697,5
3698,0
3699,4
3700,107
3701,13
3702,115
3703,20
3704,0
3705,22
3706,1
3707,12
3708,90
3709,76
3710,52
3711,32
3712,0
3713,83
3714,13
3715,150
3716,87
3717,5
3718,5
3719,0
3720,41
3721,5
3722,0
3723,9
3724,21
3725,4
3726,66
3727,8
3728,3
3729,3
3730,65
3731,11
3732,32
3733,0
3734,4
3735,80
3736,4
3737,9
3738,4
3739,103
3740,6
3741,0
3742,2
3743,35
3744,5
3745,89
3746,4
3747,16
3748,6
3749,173
3750,3
3751,2
3752,1
3753,37
3754,15
3755,12
3756,61
3757,4
3758,40
3759,109
3760,22
3761,0
3762,5
3763,22
3764,6
3765,19
3766,34
3767,3
3768,6
3769,3
3770,11
3771,13
3772,185
3773,13
3774,41
3775,21
3776,29
3777,63
3778,16
3779,3
3780,1
3781,1
3782,33
3783,1
3784,4
3785,0
3786,2
3787,79
3788,2
3789,15
3790,47
3791,0
3792,16
3793,22
3794,2
3795,20
3796,6
3797,19
3798,4
3799,2
3800,87
3801,4
3802,3
3803,141
3804,20
3805,33
3806,12
3807,6
3808,1
3809,3
3810,1
3811,68
3812,2
3813,7
3814,20
3815,2
3816,108
3817,20
3818,17
3819,5
3820,3
3821,64
3822,35
3823,0
3824,0
3825,0
3826,94
3827,65
3828,6
3829,3
3830,3
3831,1
3832,3
3833,12
3834,2
3835,21
3836,3
3837,46
3838,3
3839,12
3840,47
3841,1
3842,2
3843,125
3844,12
3845,65
3846,0
3847,2
3848,12
3849,49
3850,12
3851,25
3852,37
3853,15
3854,35
3855,4
3856,9
3857,2
3858,43
3859,2
3860,87
3861,8
3862,2
3863,19
3864,4
3865,50
3866,64
3867,57
3868,2
3869,3
3870,1
3871,21
3872,2
3873,38
3874,25
3875,19
3876,1
3877,4
3878,0
3879,48
3880,1
3881,5
3882,127
3883,0
3884,6
3885,41
3886,65
3887,43
3888,24
3889,84
3890,31
3891,0
3892,121
3893,43
3894,0
3895,17
3896,153
3897,3
3898,18
3899,4
3900,3
3901,68
3902,90
3903,95
3904,4
3905,50
3906,47
3907,130
3908,175
3909,2
3910,2
3911,98
3912,135
3913,32
3914,8
3915,2
3916,2
3917,4
3918,46
3919,5
3920,68
3921,91
3922,46
3923,22
3924,0
3925,117
3926,12
3927,15
3928,2
3929,65
3930,86
3931,50
3932,4
3933,7
3934,25
3935,90
3936,0
3937,19
3938,3
3939,99
3940,0
3941,1
3942,19
3943,75
3944,12
3945,2
3946,85
3947,1
3948,1
3949,45
3950,6
3951,2
3952,19
3953,22
3954,12
3955,8
3956,6
3957,67
3958,0
3959,3
3960,21
3961,74
3962,4
3963,4
3964,8
3965,30
3966,29
3967,117
3968,37
3969,7
3970,17
3971,56
3972,12
3973,3
3974,83
3975,3
3976,47
3977,12
3978,30
3979,3
3980,121
3981,7
3982,32
3983,41
3984,20
3985,1
3986,17
3987,3
3988,33
3989,5
3990,4
3991,5
3992,26
3993,19
3994,5
3995,1
3996,9
3997,4
3998,86
3999,3
4000,64
4001,65
4002,3
4003,2
4004,5
4005,4
4006,4
4007,2
4008,125
4009,9
4010,137
4011,0
4012,3
4013,6
4014,0
4015,76
4016,85
4017,93
4018,0
4019,48
4020,99
4021,4
4022,78
4023,106
4024,27
4025,5
4026,20
4027,9
4028,109
4029,16
4030,16
4031,4
4032,107
4033,39
4034,29
4035,25
4036,13
4037,1
4038,5
4039,70
4040,15
4041,4
4042,117
4043,4
4044,4
4045,0
4046,19
4047,7
4048,0
4049,18
4050,41
4051,6
4052,6
4053,131
4054,2
4055,3
4056,0
4057,126
4058,15
4059,16
4060,12
4061,6
4062,1
4063,21
4064,55
4065,5
4066,0
4067,1
4068,0
4069,90
4070,16
4071,66
4072,1
4073,40
4074,31
4075,186
4076,12
4077,87
4078,0
4079,3
4080,37
4081,12
4082,9
4083,1
4084,3
4085,16
4086,16
4087,30
4088,8
4089,6
4090,80
4091,132
4092,5
4093,4
4094,91
4095,2
4096,19
4097,52
4098,9
4099,112
4100,1
4101,4
4102,21
4103,102
4104,2
4105,79
4106,37
4107,3
4108,20
4109,3
4110,0
4111,4
4112,4
4113,68
4114,122
4115,96
4116,6
4117,52
4118,4
4119,59
4120,3
4121,2
4122,43
4123,22
4124,73
4125,4
4126,5
4127,37
4128,162
4129,53
4130,3
4131,41
4132,6
4133,57
4134,2
4135,4
4136,21
4137,0
4138,119
4139,54
4140,45
4141,4
4142,115
4143,57
4144,2
4145,61
4146,6
4147,4
4148,31
4149,19
4150,3
4151,4
4152,2
4153,3
4154,7
4155,0
4156,4
4157,67
4158,0
4159,17
4160,43
4161,4
4162,55
4163,4
4164,55
4165,1
4166,1
4167,63
4168,16
4169,4
4170,93
4171,2
4172,4
4173,4
4174,25
4175,68
4176,2
4177,2
4178,2
4179,13
4180,124
4181,67
4182,0
4183,20
4184,0
4185,0
4186,30
4187,69
4188,9
4189,30
4190,9
4191,37
4192,2
4193,52
4194,12
4195,55
4196,32
4197,12
4198,21
4199,131
4200,28
4201,10
4202,4
4203,0
4204,114
4205,1
4206,13
4207,65
4208,39
4209,131
4210,13
4211,35
4212,10
4213,144
4214,2
4215,75
4216,92
4217,7
4218,5
4219,37
4220,5
4221,4
4222,78
4223,8
4224,12
4225,12
4226,89
4227,9
4228,9
4229,42
4230,30
4231,25
4232,3
4233,77
4234,18
4235,3
4236,34
4237,0
4238,112
4239,35
4240,3
4241,69
4242,3
4243,4
4244,147
4245,6
4246,27
4247,74
4248,75
4249,21
4250,3
4251,1
4252,13
4253,20
4254,52
4255,12
4256,3
4257,53
4258,3
4259,0
4260,49
4261,34
4262,9
4263,0
4264,22
4265,4
4266,2
4267,26
4268,119
4269,63
4270,46
4271,20
4272,3
4273,73
4274,43
4275,20
4276,9
4277,0
4278,9
4279,2
4280,9
4281,2
4282,15
4283,93
4284,85
4285,117
4286,0
4287,39
4288,7
4289,32
4290,13
4291,29
4292,74
4293,32
4294,98
4295,13
4296,18
4297,48
4298,15
4299,3
4300,1
4301,68
4302,141
4303,3
4304,9
4305,39
4306,0
4307,4
4308,7
4309,6
4310,54
4311,2
4312,3
4313,35
4314,43
4315,4
4316,28
4317,15
4318,2
4319,0
4320,2
4321,103
4322,4
4323,4
4324,94
4325,2
4326,33
4327,111
4328,3
4329,4
4330,17
4331,2
4332,18
4333,130
4334,0
4335,88
4336,0
4337,5
4338,3
4339,0
4340,99
4341,19
4342,20
4343,9
4344,4
4345,104
4346,13
4347,12
4348,0
4349,24
4350,4
4351,56
4352,46
4353,57
4354,6
4355,27
4356,2
4357,3
4358,4
4359,16
4360,138
4361,0
4362,12
4363,29
4364,166
4365,53
4366,13
4367,37
4368,2
4369,12
4370,1
4371,53
4372,7
4373,2
4374,41
4375,6
4376,18
4377,119
4378,12
4379,0
4380,12
4381,0
4382,1
4383,17
4384,8
4385,0
4386,163
4387,2
4388,47
4389,28
4390,35
4391,149
4392,3
4393,2
4394,2
4395,12
4396,3
4397,18
4398,142
4399,13
4400,2
4401,47
4402,9
4403,3
4404,0
4405,139
4406,74
4407,89
4408,0
4409,120
4410,0
4411,20
4412,7
4413,1
4414,2
4415,12
4416,20
4417,59
4418,18
4419,15
4420,1
4421,4
4422,16
4423,66
4424,39
4425,0
4426,2
4427,21
4428,2
4429,2
4430,43
4431,6
4432,75
4433,49
4434,7
4435,7
4436,63
4437,13
4438,144
4439,3
4440,3
4441,19
4442,12
4443,18
4444,90
4445,91
4446,5
4447,21
4448,2
4449,44
4450,19
4451,9
4452,2
4453,31
4454,2
4455,5
4456,7
4457,0
4458,3
4459,12
4460,3
4461,5
4462,13
4463,18
4464,12
4465,0
4466,0
4467,13
4468,4
4469,104
4470,2
4471,29
4472,108
4473,6
4474,82
4475,30
4476,67
4477,0
4478,27
4479,9
4480,16
4481,98
4482,9
4483,19
4484,0
4485,17
4486,0
4487,15
4488,2
4489,3
4490,5
4491,9
4492,49
4493,1
4494,145
4495,1
4496,4
4497,27
4498,34
4499,3
4500,124
4501,5
4502,38
4503,9
4504,16
4505,1
4506,2
4507,80
4508,4
4509,29
4510,24
4511,25
4512,21
4513,135
4514,1
4515,30
4516,2
4517,13
4518,6
4519,65
4520,47
4521,105
4522,57
4523,0
4524,63
4525,2
4526,12
4527,0
4528,47
4529,3
4530,3
4531,1
4532,18
4533,19
4534,9
4535,2
4536,12
4537,11
4538,43
4539,15
4540,7
4541,21
4542,5
4543,9
4544,97
4545,0
4546,24
4547,93
4548,6
4549,24
4550,2
4551,6
4552,15
4553,30
4554,28
4555,56
4556,7
4557,17
4558,12
4559,16
4560,1
4561,1
4562,1
4563,42
4564,49
4565,9
4566,8
4567,59
4568,4
4569,7
4570,1
4571,18
4572,61
4573,22
4574,95
4575,93
4576,39
4577,12
4578,1
4579,4
4580,18
4581,44
4582,19
4583,6
4584,6
4585,5
4586,32
4587,7
4588,15
4589,2
4590,42
4591,2
4592,48
4593,1
4594,19
4595,137
4596,27
4597,30
4598,3
4599,3
4600,3
4601,1
4602,39
4603,75
4604,128
4605,21
4606,31
4607,106
4608,131
4609,0
4610,35
4611,58
4612,0
4613,114
4614,2
4615,113
4616,4
4617,0
4618,13
4619,1
4620,53
4621,19
4622,6
4623,0
4624,1
4625,62
4626,4
4627,21
4628,4
4629,2
4630,6
4631,0
4632,6
4633,25
4634,8
4635,4
4636,15
4637,2
4638,19
4639,19
4640,53
4641,80
4642,74
4643,3
4644,64
4645,164
4646,16
4647,4
4648,22
4649,0
4650,76
4651,25
4652,84
4653,6
4654,39
4655,3
4656,0
4657,4
4658,16
4659,16
4660,1
4661,4
4662,13
4663,100
4664,3
4665,61
4666,4
4667,6
4668,22
4669,1
4670,1
4671,32
4672,3
4673,3
4674,9
4675,6
4676,50
4677,5
4678,28
4679,11
4680,47
4681,0
4682,45
4683,20
4684,112
4685,4
4686,4
4687,56
4688,15
4689,1
4690,77
4691,0
4692,2
4693,49
4694,16
4695,32
4696,7
4697,22
4698,6
4699,4
4700,3
4701,28
4702,33
4703,29
4704,56
4705,20
4706,24
4707,12
4708,7
4709,1
4710,0
4711,2
4712,3
4713,6
4714,4
4715,0
4716,7
4717,6
4718,19
4719,1
4720,111
4721,3
4722,5
4723,5
4724,9
4725,7
4726,74
4727,122
4728,19
4729,2
4730,2
4731,31
4732,134
4733,4
4734,1
4735,0
4736,44
4737,3
4738,16
4739,26
4740,4
4741,1
4742,151
4743,4
4744,21
4745,12
4746,4
4747,2
4748,9
4749,35
4750,78
4751,5
4752,1
4753,25
4754,143
4755,62
4756,96
4757,2
4758,4
4759,0
4760,59
4761,15
4762,4
4763,0
4764,124
4765,9
4766,3
4767,24
4768,0
4769,9
4770,3
4771,4
4772,3
4773,0
4774,2
4775,4
4776,4
4777,15
4778,3
4779,3
4780,3
4781,34
4782,142
4783,104
4784,1
4785,6
4786,5
4787,19
4788,3
4789,43
4790,4
4791,9
4792,29
4793,24
4794,15
4795,2
4796,49
4797,1
4798,2
4799,27
4800,138
4801,11
4802,1
4803,28
4804,72
4805,0
4806,2
4807,3
4808,2
4809,9
4810,4
4811,89
4812,9
4813,20
4814,0
4815,38
4816,6
4817,2
4818,52
4819,16
4820,17
4821,2
4822,60
4823,4
4824,111
4825,48
4826,103
4827,7
4828,2
4829,69
4830,25
4831,109
4832,12
4833,29
4834,3
4835,105
4836,6
4837,9
4838,2
4839,3
4840,1
4841,0
4842,108
4843,83
4844,6
4845,21
4846,2
4847,22
4848,9
4849,12
4850,7
4851,4
4852,3
4853,6
4854,3
4855,0
4856,3
4857,0
4858,4
4859,6
4860,100
4861,161
4862,9
4863,60
4864,11
4865,41
4866,59
4867,2
4868,0
4869,83
4870,3
4871,7
4872,3
4873,76
4874,6
4875,22
4876,9
4877,2
4878,84
4879,107
4880,15
4881,38
4882,18
4883,5
4884,45
4885,9
4886,7
4887,39
4888,0
4889,1
4890,0
4891,2
4892,3
4893,2
4894,5
4895,3
4896,18
4897,98
4898,13
4899,4
4900,142
4901,9
4902,4
4903,30
4904,25
4905,6
4906,3
4907,116
4908,2
4909,60
4910,67
4911,5
4912,3
4913,5
4914,0
4915,0
4916,0
4917,19
4918,4
4919,56
4920,120
4921,2
4922,42
4923,6
4924,16
4925,18
4926,22
4927,48
4928,1
4929,0
4930,2
4931,52
4932,6
4933,11
4934,18
4935,45
4936,22
4937,2
4938,40
4939,0
4940,1
4941,12
4942,2
4943,121
4944,32
4945,45
4946,77
4947,15
4948,148
4949,2
4950,6
4951,28
4952,20
4953,84
4954,20
4955,1
4956,3
4957,4
4958,42
4959,122
4960,1
4961,74
4962,15
4963,57
4964,50
4965,1
4966,73
4967,86
4968,0
4969,3
4970,4
4971,1
4972,4
4973,4
4974,21
4975,100
4976,127
4977,1
4978,0
4979,4
4980,25
4981,2
4982,42
4983,0
4984,105
4985,3
4986,66
4987,3
4988,0
4989,7
4990,80
4991,9
4992,0
4993,1
4994,0
4995,0
4996,1
4997,34
4998,106
4999,7
5000,17
5001,151
5002,3
5003,4
5004,13
5005,0
5006,3
5007,1
5008,5
5009,74
5010,4
5011,72
5012,0
5013,7
5014,63
5015,6
5016,2
5017,5
5018,17
5019,0
5020,53
5021,2
5022,12
5023,12
5024,0
5025,46
5026,0
5027,0
5028,9
5029,0
5030,21
5031,28
5032,75
5033,2
5034,15
5035,50
5036,4
5037,25
5038,10
5039,0
5040,119
5041,68
5042,6
5043,5
5044,4
5045,46
5046,1
5047,48
5048,35
5049,62
5050,75
5051,16
5052,34
5053,48
5054,5
5055,0
5056,22
5057,11
5058,3
5059,13
5060,0
5061,75
5062,13
5063,13
5064,4
5065,3
5066,4
5067,4
5068,22
5069,21
5070,0
5071,66
5072,1
5073,2
5074,9
5075,0
5076,1
5077,5
5078,87
5079,6
5080,49
5081,0
5082,9
5083,91
5084,26
5085,13
5086,66
5087,15
5088,1
5089,99
5090,13
5091,48
5092,32
5093,46
5094,80
5095,0
5096,16
5097,6
5098,0
5099,7
5100,15
5101,0
5102,5
5103,40
5104,24
5105,15
5106,53
5107,9
5108,30
5109,27
5110,1
5111,24
5112,20
5113,4
5114,54
5115,1
5116,19
5117,6
5118,88
5119,12
5120,114
5121,134
5122,13
5123,4
5124,5
5125,27
5126,91
5127,45
5128,3
5129,12
5130,24
5131,1
5132,30
5133,17
5134,18
5135,16
5136,6
5137,12
5138,22
5139,127
5140,0
5141,21
5142,24
5143,2
5144,4
5145,3
5146,4
5147,19
5148,7
5149,30
5150,9
5151,73
5152,0
5153,24
5154,12
5155,12
5156,9
5157,0
5158,5
5159,2
5160,0
5161,4
5162,0
5163,20
5164,9
5165,40
5166,20
5167,6
5168,21
5169,0
5170,19
5171,0
5172,42
5173,9
5174,1
5175,0
5176,4
5177,70
5178,2
5179,4
5180,12
5181,1
5182,83
5183,20
5184,58
5185,19
5186,6
5187,16
5188,16
5189,79
5190,65
5191,94
5192,15
5193,0
5194,4
5195,49
5196,0
5197,6
5198,72
5199,4
5200,16
5201,8
5202,31
5203,5
5204,108
5205,16
5206,150
5207,6
5208,8
5209,87
5210,1
5211,6
5212,3
5213,41
5214,25
5215,91
5216,88
5217,26
5218,4
5219,68
5220,3
5221,2
5222,4
5223,25
5224,1
5225,20
5226,4
5227,76
5228,4
5229,39
5230,3
5231,29
5232,2
5233,0
5234,0
5235,49
5236,2
5237,2
5238,0
5239,3
5240,18
5241,5
5242,79
5243,48
5244,4
5245,18
5246,0
5247,2
5248,6
5249,13
5250,5
5251,4
5252,13
5253,4
5254,12
5255,4
5256,91
5257,28
5258,4
5259,0
5260,9
5261,3
5262,165
5263,67
5264,34
5265,22
5266,59
5267,20
5268,1
5269,65
5270,39
5271,86
5272,16
5273,12
5274,3
5275,0
5276,54
5277,98
5278,154
5279,12
5280,1
5281,17
5282,3
5283,94
5284,1
5285,100
5286,0
5287,6
5288,34
5289,98
5290,4
5291,52
5292,35
5293,0
5294,9
5295,13
5296,0
5297,3
5298,62
5299,6
5300,27
5301,49
5302,2
5303,9
5304,15
5305,52
5306,87
5307,89
5308,2
5309,0
5310,17
5311,7
5312,29
5313,53
5314,58
5315,18
5316,9
5317,4
5318,4
5319,54
5320,4
5321,28
5322,1
5323,34
5324,16
5325,3
5326,17
5327,0
5328,9
5329,6
5330,2
5331,41
5332,22
5333,33
5334,1
5335,57
5336,76
5337,42
5338,12
5339,22
5340,33
5341,0
5342,82
5343,39
5344,102
5345,0
5346,8
5347,4
5348,66
5349,47
5350,100
5351,3
5352,1
5353,3
5354,13
5355,12
5356,61
5357,30
5358,3
5359,42
5360,9
5361,20
5362,3
5363,17
5364,4
5365,9
5366,0
5367,30
5368,3
5369,0
5370,25
5371,52
5372,6
5373,38
5374,29
5375,3
5376,4
5377,46
5378,3
5379,7
5380,130
5381,18
5382,139
5383,108
5384,108
5385,54
5386,3
5387,22
5388,18
5389,84
5390,2
5391,60
5392,16
5393,0
5394,134
5395,68
5396,0
5397,24
5398,38
5399,0
5400,126
5401,5
5402,6
5403,3
5404,0
5405,7
5406,41
5407,0
5408,24
5409,34
5410,21
5411,21
5412,26
5413,4
5414,5
5415,93
5416,48
5417,20
5418,166
5419,57
5420,45
5421,30
5422,1
5423,39
5424,4
5425,43
5426,3
5427,65
5428,153
5429,44
5430,30
5431,66
5432,5
5433,5
5434,90
5435,61
5436,12
5437,12
5438,4
5439,18
5440,111
5441,63
5442,0
5443,9
5444,20
5445,16
5446,107
5447,56
5448,2
5449,103
5450,0
5451,9
5452,6
5453,3
5454,145
5455,3
5456,0
5457,95
5458,2
5459,61
5460,17
5461,9
5462,4
5463,0
5464,0
5465,26
5466,31
5467,30
5468,4
5469,109
5470,0
5471,9
5472,2
5473,64
5474,42
5475,4
5476,7
5477,99
5478,0
5479,48
5480,5
5481,15
5482,38
5483,6
5484,149
5485,19
5486,12
5487,6
5488,6
5489,0
5490,9
5491,6
5492,2
5493,18
5494,2
5495,50
5496,4
5497,6
5498,70
5499,3
5500,24
5501,9
5502,7
5503,33
5504,13
5505,4
5506,3
5507,19
5508,32
5509,4
5510,3
5511,3
5512,4
5513,3
5514,19
5515,6
5516,2
5517,38
5518,21
5519,6
5520,4
5521,115
5522,37
5523,3
5524,5
5525,147
5526,25
5527,33
5528,17
5529,29
5530,13
5531,100
5532,3
5533,22
5534,12
5535,1
5536,6
5537,21
5538,80
5539,2
5540,2
5541,20
5542,45
5543,0
5544,65
5545,5
5546,70
5547,16
5548,3
5549,28
5550,0
5551,28
5552,26
5553,19
5554,97
5555,67
5556,4
5557,111
5558,3
5559,77
5560,0
5561,72
5562,103
5563,90
5564,16
5565,2
5566,15
5567,157
5568,72
5569,57
5570,4
5571,30
5572,0
5573,187
5574,1
5575,13
5576,44
5577,5
5578,92
5579,84
5580,43
5581,22
5582,12
5583,161
5584,2
5585,1
5586,48
5587,96
5588,45
5589,4
5590,65
5591,1
5592,24
5593,79
5594,2
5595,21
5596,1
5597,38
5598,82
5599,4
5600,25
5601,12
5602,44
5603,30
5604,13
5605,4
5606,25
5607,0
5608,6
5609,108
5610,3
5611,46
5612,0
5613,43
5614,6
5615,121
5616,15
5617,4
5618,77
5619,7
5620,121
5621,17
5622,132
5623,1
5624,3
5625,75
5626,30
5627,80
5628,2
5629,91
5630,9
5631,9
5632,13
5633,9
5634,3
5635,12
5636,5
5637,3
5638,9
5639,65
5640,2
5641,26
5642,111
5643,116
5644,7
5645,106
5646,3
5647,15
5648,0
5649,0
5650,28
5651,4
5652,1
5653,0
5654,68
5655,144
5656,0
5657,60
5658,13
5659,1
5660,188
5661,42
5662,0
5663,4
5664,6
5665,20
5666,20
5667,2
5668,2
5669,30
5670,4
5671,12
5672,55
5673,77
5674,13
5675,108
5676,56
5677,6
5678,21
5679,3
5680,3
5681,6
5682,88
5683,4
5684,4
5685,48
5686,9
5687,5
5688,2
5689,74
5690,1
5691,4
5692,7
5693,4
5694,7
5695,21
5696,2
5697,156
5698,0
5699,4
5700,5
5701,3
5702,4
5703,6
5704,3
5705,7
5706,6
5707,40
5708,24
5709,3
5710,0
5711,19
5712,62
5713,3
5714,9
5715,2
5716,1
5717,0
5718,22
5719,0
5720,7
5721,82
5722,80
5723,1
5724,2
5725,13
5726,4
5727,29
5728,3
5729,126
5730,17
5731,4
5732,9
5733,18
5734,4
5735,0
5736,3
5737,94
5738,26
5739,18
5740,2
5741,34
5742,1
5743,0
5744,2
5745,9
5746,20
5747,76
5748,28
5749,99
5750,9
5751,44
5752,4
5753,95
5754,115
5755,97
5756,59
5757,24
5758,33
5759,52
5760,2
5761,1
5762,84
5763,83
5764,0
5765,12
5766,8
5767,4
5768,6
5769,1
5770,0
5771,57
5772,53
5773,52
5774,0
5775,2
5776,0
5777,19
5778,9
5779,55
5780,1
5781,109
5782,102
5783,53
5784,4
5785,1
5786,139
5787,16
5788,6
5789,3
5790,2
5791,2
5792,1
5793,8
5794,6
5795,4
5796,47
5797,12
5798,32
5799,2
5800,22
5801,9
5802,7
5803,15
5804,5
5805,6
5806,1
5807,2
5808,2
5809,20
5810,70
5811,68
5812,0
5813,58
5814,9
5815,22
5816,88
5817,3
5818,8
5819,19
5820,3
5821,2
5822,19
5823,17
5824,137
5825,115
5826,3
5827,5
5828,12
5829,47
5830,3
5831,1
5832,3
5833,7
5834,24
5835,44
5836,2
5837,128
5838,0
5839,16
5840,29
5841,25
5842,2
5843,157
5844,34
5845,4
5846,3
5847,12
5848,2
5849,49
5850,2
5851,43
5852,9
5853,8
5854,94
5855,15
5856,37
5857,22
5858,0
5859,152
5860,3
5861,35
5862,2
5863,4
5864,34
5865,35
5866,134
5867,12
5868,37
5869,4
5870,16
5871,2
5872,19
5873,64
5874,22
5875,58
5876,30
5877,69
5878,0
5879,0
5880,102
5881,6
5882,28
5883,53
5884,25
5885,4
5886,1
5887,9
5888,0
5889,138
5890,0
5891,27
5892,13
5893,5
5894,38
5895,7
5896,41
5897,7
5898,31
5899,2
5900,1
5901,9
5902,100
5903,9
5904,4
5905,16
5906,21
5907,3
5908,1
5909,4
5910,102
5911,42
5912,37
5913,11
5914,2
5915,6
5916,7
5917,137
5918,2
5919,0
5920,93
5921,45
5922,145
5923,32
5924,18
5925,2
5926,28
5927,6
5928,1
5929,3
5930,2
5931,5
5932,0
5933,153
5934,3
5935,47
5936,1
5937,65
5938,33
5939,4
5940,46
5941,2
5942,97
5943,5
5944,56
5945,12
5946,12
5947,6
5948,2
5949,12
5950,13
5951,4
5952,13
5953,9
5954,2
5955,0
5956,2
5957,104
5958,12
5959,2
5960,4
5961,72
5962,3
5963,57
5964,9
5965,17
5966,105
5967,139
5968,0
5969,2
5970,42
5971,1
5972,0
5973,1
5974,6
5975,0
5976,35
5977,6
5978,63
5979,6
5980,4
5981,125
5982,35
5983,86
5984,3
5985,4
5986,5
5987,2
5988,4
5989,0
5990,6
5991,6
5992,33
5993,1
5994,63
5995,134
5996,5
5997,19
5998,77
5999,85
6000,4
6001,27
6002,1
6003,19
6004,66
6005,28
6006,2
6007,9
6008,0
6009,58
6010,17
6011,37
6012,21
6013,0
6014,49
6015,2
6016,4
6017,3
6018,4
6019,108
6020,20
6021,2
6022,16
6023,0
6024,0
6025,9
6026,33
6027,3
6028,18
6029,2
6030,2
6031,1
6032,28
6033,9
6034,112
6035,2
6036,3
6037,69
6038,15
6039,4
6040,132
6041,33
6042,17
6043,13
6044,28
6045,26
6046,133
6047,18
6048,12
6049,12
6050,1
6051,16
6052,19
6053,7
6054,2
6055,72
6056,0
6057,0
6058,29
6059,55
6060,44
6061,42
6062,61
6063,3
6064,189
6065,61
6066,7
6067,5
6068,3
6069,1
6070,3
6071,6
6072,6
6073,70
6074,135
6075,58
6076,9
6077,32
6078,2
6079,0
6080,43
6081,2
6082,46
6083,13
6084,21
6085,58
6086,17
6087,15
6088,66
6089,7
6090,38
6091,100
6092,8
6093,9
6094,42
6095,6
6096,4
6097,78
6098,20
6099,142
6100,25
6101,6
6102,1
6103,4
6104,78
6105,8
6106,4
6107,6
6108,1
6109,28
6110,20
6111,102
6112,2
6113,19
6114,55
6115,9
6116,1
6117,4
6118,4
6119,85
6120,17
6121,3
6122,2
6123,4
6124,38
6125,3
6126,135
6127,9
6128,137
6129,0
6130,73
6131,6
6132,0
6133,91
6134,21
6135,83
6136,5
6137,109
6138,6
6139,2
6140,19
6141,2
6142,15
6143,11
6144,4
6145,17
6146,80
6147,12
6148,84
6149,1
6150,13
6151,132
6152,4
6153,2
6154,49
6155,3
6156,3
6157,3
6158,139
6159,120
6160,0
6161,40
6162,32
6163,6
6164,65
6165,1
6166,76
6167,64
6168,1
6169,92
6170,88
6171,6
6172,91
6173,0
6174,53
6175,3
6176,2
6177,42
6178,0
6179,113
6180,125
6181,48
6182,19
6183,4
6184,20
6185,6
6186,24
6187,108
6188,0
6189,48
6190,0
6191,2
6192,3
6193,7
6194,2
6195,106
6196,5
6197,5
6198,60
6199,47
6200,68
6201,2
6202,100
6203,32
6204,41
6205,9
6206,29
6207,37
6208,3
6209,4
6210,115
6211,18
6212,1
6213,0
6214,33
6215,52
6216,0
6217,0
6218,3
6219,6
6220,3
6221,2
6222,1
6223,25
6224,4
6225,48
6226,16
6227,2
6228,39
6229,35
6230,3
6231,17
6232,4
6233,54
6234,116
6235,55
6236,1
6237,79
6238,33
6239,3
6240,76
6241,35
6242,55
6243,3
6244,4
6245,12
6246,19
6247,19
6248,20
6249,4
6250,16
6251,2
6252,2
6253,95
6254,70
6255,4
6256,12
6257,0
6258,150
6259,66
6260,4
6261,139
6262,12
6263,55
6264,12
6265,0
6266,9
6267,5
6268,1
6269,2
6270,2
6271,6
6272,131
6273,19
6274,69
6275,24
6276,5
6277,2
6278,0
6279,87
6280,3
6281,78
6282,15
6283,12
6284,4
6285,165
6286,60
6287,2
6288,38
6289,15
6290,26
6291,5
6292,42
6293,5
6294,18
6295,12
6296,3
6297,0
6298,34
6299,63
6300,15
6301,3
6302,74
6303,124
6304,6
6305,27
6306,12
6307,58
6308,29
6309,2
6310,4
6311,1
6312,39
6313,76
6314,4
6315,3
6316,2
6317,16
6318,20
6319,4
6320,93
6321,34
6322,3
6323,2
6324,0
6325,34
6326,15
6327,4
6328,31
6329,68
6330,2
6331,27
6332,1
6333,0
6334,48
6335,105
6336,2
6337,2
6338,2
6339,12
6340,7
6341,25
6342,3
6343,3
6344,32
6345,16
6346,6
6347,21
6348,24
6349,43
6350,20
6351,5
6352,12
6353,32
6354,3
6355,2
6356,133
6357,9
6358,0
6359,35
6360,27
6361,2
6362,3
6363,1
6364,3
6365,113
6366,3
6367,122
6368,5
6369,2
6370,20
6371,0
6372,28
6373,12
6374,4
6375,42
6376,2
6377,2
6378,9
6379,9
6380,1
6381,3
6382,0
6383,0
6384,0
6385,75
6386,28
6387,13
6388,18
6389,44
6390,66
6391,97
6392,3
6393,4
6394,7
6395,12
6396,4
6397,0
6398,0
6399,17
6400,116
6401,1
6402,3
6403,60
6404,92
6405,32
6406,26
6407,30
6408,3
6409,21
6410,62
6411,30
6412,13
6413,3
6414,77
6415,26
6416,8
6417,69
6418,64
6419,9
6420,4
6421,4
6422,73
6423,1
6424,76
6425,21
6426,16
6427,4
6428,34
6429,3
6430,12
6431,5
6432,18
6433,12
6434,68
6435,26
6436,28
6437,104
6438,2
6439,1
6440,85
6441,49
6442,12
6443,9
6444,38
6445,96
6446,12
6447,0
6448,2
6449,13
6450,7
6451,5
6452,4
6453,25
6454,73
6455,18
6456,16
6457,3
6458,5
6459,2
6460,32
6461,2
6462,12
6463,4
6464,58
6465,27
6466,0
6467,88
6468,7
6469,28
6470,1
6471,15
6472,15
6473,12
6474,3
6475,6
6476,2
6477,3
6478,3
6479,27
6480,49
6481,0
6482,43
6483,2
6484,40
6485,0
6486,2
6487,12
6488,107
6489,26
6490,3
6491,91
6492,2
6493,17
6494,22
6495,4
6496,22
6497,16
6498,26
6499,4
6500,121
6501,6
6502,54
6503,13
6504,0
6505,20
6506,37
6507,6
6508,3
6509,26
6510,4
6511,3
6512,48
6513,12
6514,12
6515,120
6516,4
6517,3
6518,2
6519,3
6520,21
6521,1
6522,6
6523,87
6524,47
6525,31
6526,98
6527,0
6528,6
6529,4
6530,2
6531,25
6532,12
6533,13
6534,2
6535,99
6536,6
6537,0
6538,43
6539,1
6540,0
6541,18
6542,6
6543,12
6544,32
6545,11
6546,48
6547,2
6548,113
6549,13
6550,82
6551,4
6552,0
6553,1
6554,74
6555,19
6556,19
6557,9
6558,1
6559,1
6560,5
6561,0
6562,55
6563,4
6564,0
6565,16
6566,2
6567,5
6568,20
6569,2
6570,29
6571,0
6572,69
6573,3
6574,5
6575,2
6576,0
6577,6
6578,4
6579,147
6580,29
6581,29
6582,3
6583,0
6584,46
6585,41
6586,76
6587,42
6588,2
6589,56
6590,2
6591,18
6592,37
6593,87
6594,4
6595,7
6596,4
6597,1
6598,0
6599,2
6600,30
6601,3
6602,3
6603,1
6604,9
6605,3
6606,3
6607,1
6608,5
6609,1
6610,9
6611,17
6612,18
6613,22
6614,2
6615,60
6616,59
6617,57
6618,4
6619,2
6620,49
6621,0
6622,3
6623,9
6624,2
6625,6
6626,41
6627,0
6628,3
6629,0
6630,87
6631,1
6632,6
6633,0
6634,4
6635,2
6636,16
6637,58
6638,21
6639,2
6640,2
6641,34
6642,34
6643,62
6644,3
6645,50
6646,2
6647,37
6648,73
6649,190
6650,4
6651,32
6652,1
6653,2
6654,22
6655,79
6656,25
6657,166
6658,11
6659,50
6660,13
6661,2
6662,2
6663,92
6664,64
6665,43
6666,2
6667,5
6668,9
6669,5
6670,9
6671,4
6672,4
6673,1
6674,74
6675,6
6676,15
6677,3
6678,24
6679,1
6680,9
6681,2
6682,3
6683,7
6684,3
6685,3
6686,85
6687,9
6688,2
6689,3
6690,24
6691,29
6692,44
6693,100
6694,13
6695,19
6696,50
6697,40
6698,19
6699,41
6700,5
6701,2
6702,21
6703,6
6704,3
6705,145
6706,1
6707,27
6708,2
6709,89
6710,12
6711,0
6712,56
6713,3
6714,53
6715,56
6716,2
6717,37
6718,2
6719,4
6720,89
6721,90
6722,3
6723,3
6724,82
6725,13
6726,1
6727,22
6728,17
6729,9
6730,1
6731,30
6732,25
6733,1
6734,28
6735,52
6736,78
6737,3
6738,2
6739,0
6740,4
6741,48
6742,21
6743,6
6744,3
6745,2
6746,0
6747,4
6748,7
6749,4
6750,4
6751,5
6752,5
6753,3
6754,2
6755,4
6756,33
6757,5
6758,21
6759,42
6760,3
6761,28
6762,0
6763,0
6764,152
6765,106
6766,1
6767,19
6768,46
6769,7
6770,29
6771,12
6772,12
6773,94
6774,37
6775,6
6776,40
6777,102
6778,38
6779,6
6780,0
6781,3
6782,2
6783,2
6784,0
6785,6
6786,103
6787,3
6788,0
6789,3
6790,16
6791,57
6792,1
6793,3
6794,45
6795,20
6796,191
6797,52
6798,9
6799,30
6800,5
6801,3
6802,87
6803,45
6804,0
6805,70
6806,2
6807,1
6808,18
6809,2
6810,5
6811,98
6812,49
6813,12
6814,1
6815,0
6816,27
6817,58
6818,20
6819,112
6820,0
6821,0
6822,2
6823,45
6824,1
6825,19
6826,3
6827,74
6828,1
6829,29
6830,89
6831,25
6832,0
6833,2
6834,6
6835,0
6836,21
6837,13
6838,1
6839,60
6840,8
6841,22
6842,40
6843,46
6844,4
6845,6
6846,145
6847,13
6848,26
6849,19
6850,17
6851,13
6852,3
6853,3
6854,45
6855,19
6856,6
6857,20
6858,0
6859,53
6860,3
6861,49
6862,1
6863,1
6864,44
6865,4
6866,2
6867,3
6868,0
6869,4
6870,22
6871,0
6872,41
6873,2
6874,1
6875,2
6876,22
6877,22
6878,3
6879,2
6880,13
6881,34
6882,17
6883,26
6884,26
6885,49
6886,18
6887,0
6888,50
6889,28
6890,1
6891,21
6892,5
6893,0
6894,50
6895,28
6896,44
6897,144
6898,53
6899,31
6900,1
6901,73
6902,2
6903,3
6904,12
6905,12
6906,13
6907,3
6908,1
6909,16
6910,31
6911,12
6912,76
6913,0
6914,4
6915,5
6916,13
6917,24
6918,42
6919,25
6920,5
6921,18
6922,12
6923,99
6924,9
6925,127
6926,9
6927,38
6928,67
6929,127
6930,33
6931,12
6932,75
6933,93
6934,4
6935,1
6936,4
6937,9
6938,70
6939,54
6940,154
6941,3
6942,107
6943,5
6944,0
6945,4
6946,25
6947,2
6948,16
6949,3
6950,0
6951,78
6952,3
6953,0
6954,19
6955,13
6956,6
6957,57
6958,0
6959,6
6960,4
6961,9
6962,12
6963,12
6964,52
6965,86
6966,9
6967,77
6968,122
6969,46
6970,24
6971,6
6972,0
6973,12
6974,1
6975,21
6976,29
6977,1
6978,1
6979,64
6980,6
6981,1
6982,4
6983,27
6984,7
6985,32
6986,1
6987,27
6988,63
6989,114
6990,4
6991,55
6992,45
6993,96
6994,4
6995,2
6996,4
6997,3
6998,6
6999,3
7000,0
7001,5
7002,13
7003,26
7004,62
7005,156
7006,44
7007,82
7008,69
7009,42
7010,5
7011,17
7012,2
7013,9
7014,4
7015,4
7016,22
7017,3
7018,0
7019,7
7020,85
7021,56
7022,2
7023,1
7024,121
7025,2
7026,7
7027,5
7028,4
7029,26
7030,59
7031,6
7032,15
7033,0
7034,0
7035,8
7036,7
7037,47
7038,15
7039,26
7040,2
7041,150
7042,63
7043,1
7044,47
7045,20
7046,46
7047,100
7048,32
7049,20
7050,64
7051,5
7052,93
7053,59
7054,75
7055,119
7056,7
7057,25
7058,2
7059,4
7060,88
7061,18
7062,20
7063,56
7064,105
7065,6
7066,24
7067,41
7068,7
7069,21
7070,1
7071,13
7072,9
7073,43
7074,45
7075,145
7076,7
7077,32
7078,4
7079,3
7080,17
7081,66
7082,2
7083,1
7084,52
7085,4
7086,70
7087,4
7088,4
7089,1
7090,1
7091,4
7092,2
7093,1
7094,3
7095,83
7096,4
7097,5
7098,96
7099,19
7100,125
7101,76
7102,46
7103,0
7104,112
7105,1
7106,3
7107,6
7108,88
7109,3
7110,20
7111,4
7112,29
7113,0
7114,6
7115,39
7116,3
7117,72
7118,29
7119,42
7120,0
7121,9
7122,0
7123,13
7124,12
7125,0
7126,3
7127,4
7128,26
7129,19
7130,3
7131,84
7132,0
7133,58
7134,5
7135,33
7136,9
7137,63
7138,0
7139,15
7140,151
7141,55
7142,2
7143,56
7144,19
7145,8
7146,38
7147,7
7148,89
7149,2
7150,1
7151,28
7152,1
7153,33
7154,0
7155,4
7156,11
7157,2
7158,26
7159,1
7160,27
7161,7
7162,15
7163,107
7164,0
7165,24
7166,108
7167,12
7168,1
7169,18
7170,2
7171,38
7172,41
7173,47
7174,1
7175,22
7176,6
7177,2
7178,3
7179,2
7180,50
7181,6
7182,13
7183,85
7184,0
7185,18
7186,169
7187,136
7188,37
7189,5
7190,6
7191,20
7192,18
7193,3
7194,0
7195,21
7196,18
7197,3
7198,34
7199,4
7200,21
7201,96
7202,34
7203,149
7204,3
7205,1
7206,3
7207,6
7208,2
7209,15
7210,61
7211,15
7212,4
7213,16
7214,18
7215,1
7216,103
7217,25
7218,3
7219,0
7220,38
7221,86
7222,115
7223,73
7224,12
7225,3
7226,4
7227,0
7228,148
7229,15
7230,7
7231,0
7232,31
7233,12
7234,47
7235,6
7236,20
7237,1
7238,105
7239,1
7240,12
7241,2
7242,22
7243,131
7244,192
7245,3
7246,18
7247,2
7248,19
7249,26
7250,9
7251,33
7252,33
7253,75
7254,25
7255,15
7256,54
7257,15
7258,43
7259,46
7260,1
7261,4
7262,2
7263,16
7264,80
7265,70
7266,22
7267,131
7268,60
7269,1
7270,4
7271,70
7272,42
7273,16
7274,1
7275,5
7276,141
7277,17
7278,34
7279,12
7280,24
7281,25
7282,34
7283,62
7284,2
7285,0
7286,11
7287,16
7288,4
7289,2
7290,3
7291,2
7292,114
7293,11
7294,1
7295,2
7296,3
7297,8
7298,39
7299,7
7300,55
7301,2
7302,6
7303,34
7304,41
7305,4
7306,25
7307,77
7308,15
7309,0
7310,15
7311,6
7312,12
7313,0
7314,121
7315,74
7316,2
7317,3
7318,2
7319,5
7320,133
7321,3
7322,116
7323,4
7324,4
7325,0
7326,28
7327,6
7328,88
7329,17
7330,15
7331,2
7332,2
7333,42
7334,26
7335,0
7336,12
7337,4
7338,21
7339,60
7340,2
7341,5
7342,134
7343,31
7344,86
7345,34
7346,1
7347,30
7348,83
7349,17
7350,50
7351,90
7352,17
7353,0
7354,1
7355,3
7356,33
7357,35
7358,6
7359,2
7360,28
7361,2
7362,82
7363,98
7364,1
7365,2
7366,62
7367,9
7368,4
7369,7
7370,9
7371,1
7372,28
7373,2
7374,2
7375,83
7376,30
7377,7
7378,13
7379,0
7380,2
7381,0
7382,55
7383,5
7384,16
7385,18
7386,1
7387,4
7388,12
7389,58
7390,6
7391,1
7392,78
7393,2
7394,15
7395,6
7396,6
7397,31
7398,2
7399,3
7400,2
7401,4
7402,57
7403,31
7404,0
7405,57
7406,0
7407,6
7408,3
7409,3
7410,128
7411,2
7412,0
7413,68
7414,15
7415,47
7416,95
7417,67
7418,107
7419,15
7420,53
7421,6
7422,65
7423,0
7424,0
7425,9
7426,20
7427,122
7428,4
7429,2
7430,149
7431,3
7432,0
7433,5
7434,18
7435,2
7436,22
7437,20
7438,128
7439,35
7440,21
7441,12
7442,1
7443,6
7444,20
7445,13
7446,122
7447,43
7448,56
7449,0
7450,4
7451,5
7452,75
7453,125
7454,17
7455,7
7456,3
7457,52
7458,4
7459,29
7460,111
7461,17
7462,75
7463,0
7464,24
7465,5
7466,148
7467,19
7468,2
7469,99
7470,37
7471,1
7472,7
7473,6
7474,3
7475,2
7476,93
7477,12
7478,0
7479,3
7480,4
7481,1
7482,7
7483,9
7484,16
7485,114
7486,33
7487,0
7488,9
7489,9
7490,7
7491,100
7492,12
7493,5
7494,9
7495,84
7496,2
7497,9
7498,102
7499,1
7500,3
7501,107
7502,15
7503,119
7504,2
7505,6
7506,61
7507,16
7508,5
7509,45
7510,30
7511,2
7512,7
7513,9
7514,2
7515,0
7516,29
7517,4
7518,3
7519,0
7520,16
7521,44
7522,0
7523,84
7524,17
7525,5
7526,13
7527,1
7528,0
7529,12
7530,1
7531,13
7532,131
7533,7
7534,69
7535,1
7536,0
7537,13
7538,143
7539,4
7540,4
7541,33
7542,9
7543,28
7544,0
7545,9
7546,7
7547,83
7548,34
7549,20
7550,60
7551,44
7552,2
7553,78
7554,4
7555,3
7556,5
7557,35
7558,25
7559,69
7560,114
7561,2
7562,1
7563,21
7564,4
7565,1
7566,1
7567,2
7568,4
7569,5
7570,33
7571,5
7572,25
7573,25
7574,103
7575,5
7576,20
7577,35
7578,2
7579,2
7580,3
7581,16
7582,1
7583,18
7584,54
7585,65
7586,26
7587,70
7588,4
7589,26
7590,7
7591,16
7592,43
7593,0
7594,1
7595,114
7596,12
7597,4
7598,39
7599,84
7600,27
7601,12
7602,0
7603,22
7604,0
7605,3
7606,0
7607,0
7608,9
7609,3
7610,128
7611,64
7612,17
7613,22
7614,2
7615,0
7616,92
7617,24
7618,3
7619,4
7620,15
7621,47
7622,85
7623,4
7624,0
7625,28
7626,1
7627,0
7628,33
7629,28
7630,125
7631,1
7632,128
7633,9
7634,30
7635,47
7636,3
7637,31
7638,24
7639,4
7640,0
7641,4
7642,3
7643,110
7644,7
7645,11
7646,7
7647,11
7648,11
7649,14
7650,8
7651,118
7652,160
7653,11
7654,51
7655,0
7656,81
7657,11
7658,7
7659,11
7660,10
7661,170
7662,11
7663,13
7664,31
7665,5
7666,8
7667,8
7668,44
7669,5
7670,13
7671,11
7672,7
7673,0
7674,123
7675,23
7676,15
7677,5
7678,10
7679,44
7680,8
7681,6
7682,8
7683,11
7684,17
7685,0
7686,6
7687,193
7688,8
7689,11
7690,1
7691,14
7692,5
7693,10
7694,1
7695,7
7696,11
7697,8
7698,11
7699,5
7700,11
7701,18
7702,6
7703,8
7704,11
7705,7
7706,10
7707,8
7708,11
7709,71
7710,10
7711,10
7712,7
7713,10
7714,14
7715,129
7716,10
7717,7
7718,10
7719,14
7720,11
7721,6
7722,1
7723,7
7724,6
7725,0
7726,7
7727,14
7728,14
7729,0
7730,23
7731,23
7732,18
7733,1
7734,17
7735,9
7736,1
7737,8
7738,7
7739,8
7740,36
7741,10
7742,1
7743,8
7744,8
7745,23
7746,11
7747,5
7748,8
7749,10
7750,11
7751,18
7752,5
7753,11
7754,11
7755,8
7756,23
7757,8
7758,10
7759,10
7760,10
7761,6
7762,18
7763,6
7764,0
7765,5
7766,11
7767,0
7768,1
7769,14
7770,6
7771,11
7772,5
7773,0
7774,5
7775,101
7776,8
7777,71
7778,17
7779,14
7780,6
7781,8
7782,11
7783,14
7784,8
7785,23
7786,5
7787,5
7788,6
7789,8
7790,10
7791,5
7792,11
7793,6
7794,9
7795,14
7796,15
7797,7
7798,23
7799,8
7800,15
7801,11
7802,17
7803,31
7804,7
7805,6
7806,71
7807,10
7808,5
7809,81
7810,7
7811,8
7812,5
7813,5
7814,5
7815,8
7816,8
7817,11
7818,8
7819,8
7820,10
7821,10
7822,5
7823,1
7824,10
7825,1
7826,15
7827,7
7828,7
7829,5
7830,6
7831,6
7832,0
7833,51
7834,6
7835,1
7836,14
7837,7
7838,9
7839,17
7840,15
7841,7
7842,11
7843,8
7844,10
7845,7
7846,8
7847,10
7848,8
7849,36
7850,7
7851,8
7852,3
7853,71
7854,8
7855,11
7856,0
7857,15
7858,6
7859,5
7860,36
7861,10
7862,23
7863,9
7864,13
7865,7
7866,14
7867,110
7868,10
7869,15
7870,8
7871,11
7872,3
7873,14
7874,15
7875,31
7876,81
7877,14
7878,23
7879,8
7880,10
7881,10
7882,10
7883,10
7884,1
7885,12
7886,1
7887,7
7888,23
7889,6
7890,14
7891,6
7892,8
7893,7
7894,8
7895,3
7896,23
7897,10
7898,1
7899,6
7900,10
7901,5
7902,10
7903,10
7904,8
7905,5
7906,14
7907,36
7908,11
7909,10
7910,13
7911,8
7912,0
7913,5
7914,0
7915,8
7916,5
7917,1
7918,11
7919,8
7920,3
7921,5
7922,14
7923,1
7924,13
7925,7
7926,7
7927,10
7928,5
7929,18
7930,10
7931,3
7932,14
7933,6
7934,18
7935,5
7936,11
7937,1
7938,23
7939,15
7940,11
7941,10
7942,7
7943,3
7944,0
7945,13
7946,36
7947,5
7948,140
7949,14
7950,194
7951,8
7952,123
7953,7
7954,5
7955,7
7956,14
7957,0
7958,195
7959,14
7960,1
7961,51
7962,3
7963,36
7964,5
7965,23
7966,1
7967,11
7968,1
7969,7
7970,14
7971,11
7972,11
7973,1
7974,51
7975,9
7976,7
7977,5
7978,15
7979,71
7980,129
7981,18
7982,23
7983,14
7984,23
7985,17
7986,110
7987,10
7988,51
7989,10
7990,140
7991,1
7992,129
7993,3
7994,1
7995,9
7996,110
7997,11
7998,14
7999,7
8000,11
8001,9
8002,10
8003,1
8004,11
8005,7
8006,14
8007,6
8008,9
8009,8
8010,5
8011,7
8012,7
8013,10
8014,7
8015,10
8016,17
8017,10
8018,13
8019,7
8020,17
8021,6
8022,14
8023,5
8024,18
8025,27
8026,1
8027,13
8028,15
8029,1
8030,14
8031,8
8032,5
8033,5
8034,18
8035,7
8036,13
8037,14
8038,13
8039,5
8040,10
8041,8
8042,36
8043,11
8044,14
8045,11
8046,5
8047,10
8048,5
8049,5
8050,8
8051,10
8052,14
8053,14
8054,8
8055,14
8056,7
8057,4
8058,5
8059,1
8060,10
8061,129
8062,10
8063,8
8064,6
8065,11
8066,196
8067,8
8068,27
8069,31
8070,11
8071,1
8072,6
8073,6
8074,9
8075,14
8076,14
8077,0
8078,7
8079,1
8080,10
8081,44
8082,1
8083,13
8084,8
8085,8
8086,11
8087,11
8088,23
8089,10
8090,5
8091,5
8092,10
8093,6
8094,5
8095,8
8096,101
8097,10
8098,1
8099,23
8100,11
8101,5
8102,7
8103,6
8104,1
8105,15
8106,0
8107,11
8108,3
8109,7
8110,10
8111,1
8112,0
8113,14
8114,1
8115,8
8116,8
8117,7
8118,8
8119,1
8120,10
8121,8
8122,1
8123,6
8124,11
8125,8
8126,8
8127,15
8128,3
8129,7
8130,9
8131,5
8132,14
8133,118
8134,11
8135,18
8136,10
8137,10
8138,1
8139,7
8140,7
8141,197
8142,15
8143,9
8144,1
8145,8
8146,15
8147,8
8148,1
8149,7
8150,11
8151,11
8152,23
8153,36
8154,11
8155,31
8156,23
8157,71
8158,9
8159,8
8160,10
8161,5
8162,6
8163,51
8164,198
8165,15
8166,5
8167,8
8168,7
8169,10
8170,23
8171,11
8172,1
8173,118
8174,5
8175,7
8176,118
8177,18
8178,8
8179,8
8180,9
8181,8
8182,7
8183,23
8184,5
8185,14
8186,1
8187,7
8188,1
8189,5
8190,7
8191,7
8192,6
8193,8
8194,14
8195,8
8196,11
8197,129
8198,7
8199,8
8200,176
8201,10
8202,5
8203,14
8204,10
8205,17
8206,5
8207,10
8208,10
8209,14
8210,1
8211,8
8212,177
8213,9
8214,5
8215,7
8216,36
8217,36
8218,14
8219,7
8220,8
8221,6
8222,1
8223,155
8224,15
8225,15
8226,3
8227,5
8228,5
8229,23
8230,10
8231,6
8232,10
8233,14
8234,1
8235,12
8236,7
8237,36
8238,8
8239,13
8240,8
8241,6
8242,0
8243,81
8244,8
8245,5
8246,10
8247,14
8248,14
8249,5
8250,8
8251,71
8252,8
8253,10
8254,6
8255,6
8256,5
8257,15
8258,81
8259,7
8260,5
8261,14
8262,1
8263,51
8264,5
8265,3
8266,5
8267,14
8268,8
8269,81
8270,10
8271,17
8272,15
8273,10
8274,14
8275,8
8276,7
8277,8
8278,10
8279,9
8280,8
8281,101
8282,5
8283,10
8284,71
8285,11
8286,8
8287,8
8288,1
8289,15
8290,15
8291,1
8292,0
8293,1
8294,10
8295,17
8296,10
8297,10
8298,14
8299,14
8300,14
8301,18
8302,5
8303,8
8304,11
8305,14
8306,9
8307,8
8308,7
8309,5
8310,6
8311,1
8312,10
8313,5
8314,8
8315,7
8316,177
8317,118
8318,7
8319,7
8320,14
8321,11
8322,13
8323,0
8324,0
8325,8
8326,14
8327,51
8328,7
8329,10
8330,146
8331,5
8332,11
8333,31
8334,5
8335,158
8336,8
8337,18
8338,8
8339,10
8340,10
8341,1
8342,0
8343,9
8344,5
8345,178
8346,1
8347,9
8348,5
8349,10
8350,8
8351,10
8352,9
8353,3
8354,14
8355,6
8356,8
8357,15
8358,8
8359,23
8360,5
8361,1
8362,18
8363,14
8364,23
8365,11
8366,199
8367,8
8368,6
8369,7
8370,36
8371,0
8372,5
8373,0
8374,14
8375,7
8376,8
8377,11
8378,15
8379,0
8380,14
8381,7
8382,23
8383,1
8384,1
8385,10
8386,9
8387,11
8388,8
8389,8
8390,14
8391,101
8392,8
8393,8
8394,5
8395,11
8396,10
8397,8
8398,10
8399,1
8400,10
8401,8
8402,8
8403,10
8404,6
8405,5
8406,11
8407,6
8408,10
8409,7
8410,13
8411,71
8412,10
8413,10
8414,14
8415,123
8416,10
8417,3
8418,110
8419,1
8420,11
8421,8
8422,101
8423,0
8424,18
8425,8
8426,5
8427,1
8428,11
8429,0
8430,8
8431,8
8432,8
8433,5
8434,7
8435,9
8436,5
8437,7
8438,14
8439,11
8440,11
8441,14
8442,23
8443,11
8444,10
8445,1
8446,8
8447,71
8448,14
8449,8
8450,8
8451,200
8452,11
8453,6
8454,9
8455,81
8456,1
8457,8
8458,129
8459,11
8460,1
8461,11
8462,8
8463,18
8464,160
8465,5
8466,10
8467,159
8468,1
8469,71
8470,6
8471,3
8472,7
8473,71
8474,6
8475,5
8476,6
8477,5
8478,9
8479,7
8480,7
8481,36
8482,17
8483,5
8484,10
8485,15
8486,13
8487,6
8488,7
8489,8
8490,17
8491,11
8492,11
8493,6
8494,23
8495,10
8496,14
8497,10
8498,129
8499,14
8500,6
8501,23
8502,36
8503,11
8504,9
8505,3
8506,5
8507,5
8508,7
8509,7
8510,6
8511,6
8512,5
8513,7
8514,14
8515,8
8516,9
8517,7
8518,1
8519,5
8520,8
8521,178
8522,170
8523,7
8524,1
8525,101
8526,14
8527,7
8528,3
8529,7
8530,15
8531,7
8532,14
8533,6
8534,51
8535,8
8536,17
8537,14
8538,1
8539,0
8540,14
8541,8
8542,7
8543,7
8544,31
8545,5
8546,10
8547,8
8548,10
8549,14
8550,5
8551,3
8552,6
8553,14
8554,7
8555,10
8556,7
8557,11
8558,5
8559,7
8560,8
8561,0
8562,8
8563,0
8564,12
8565,11
8566,14
8567,36
8568,1
8569,8
8570,10
8571,36
8572,11
8573,8
8574,10
8575,7
8576,10
8577,10
8578,5
8579,5
8580,23
8581,8
8582,13
8583,201
8584,23
8585,182
8586,5
8587,1
8588,168
8589,1
8590,14
8591,1
8592,17
8593,118
8594,109
8595,1
8596,10
8597,9
8598,9
8599,18
8600,7
8601,109
8602,202
8603,5
8604,9
8605,1
8606,140
8607,0
8608,1
8609,13
8610,118
8611,1
8612,11
8613,13
8614,11
8615,11
8616,0
8617,1
8618,0
8619,6
8620,6
8621,10
8622,5
8623,23
8624,8
8625,51
8626,36
8627,23
8628,5
8629,176
8630,10
8631,8
8632,10
8633,13
8634,1
8635,7
8636,18
8637,7
8638,11
8639,155
8640,0
8641,8
8642,1
8643,10
8644,13
8645,1
8646,8
8647,10
8648,6
8649,13
8650,10
8651,11
8652,10
8653,1
8654,14
8655,3
8656,36
8657,14
8658,5
8659,13
8660,10
8661,10
8662,10
8663,11
8664,5
8665,8
8666,1
8667,13
8668,10
8669,146
8670,8
8671,6
8672,10
8673,8
8674,0
8675,10
8676,14
8677,0
8678,1
8679,14
8680,6
8681,6
8682,36
8683,101
8684,8
8685,11
8686,0
8687,51
8688,11
8689,15
8690,7
8691,8
8692,1
8693,10
8694,11
8695,10
8696,7
8697,7
8698,13
8699,5
8700,14
8701,14
8702,2
8703,10
8704,14
8705,1
8706,15
8707,31
8708,10
8709,11
8710,31
8711,5
8712,1
8713,10
8714,12
8715,11
8716,7
8717,1
8718,6
8719,0
8720,8
8721,8
8722,11
8723,14
8724,9
8725,10
8726,9
8727,2
8728,14
8729,10
8730,5
8731,23
8732,140
8733,9
8734,6
8735,11
8736,1
8737,10
8738,5
8739,7
8740,179
8741,36
8742,5
8743,17
8744,9
8745,11
8746,23
8747,9
8748,7
8749,36
8750,10
8751,8
8752,0
8753,36
8754,11
8755,5
8756,1
8757,1
8758,23
8759,11
8760,36
8761,7
8762,11
8763,23
8764,0
8765,12
8766,11
8767,5
8768,18
8769,14
8770,6
8771,0
8772,5
8773,15
8774,8
8775,7
8776,14
8777,8
8778,14
8779,17
8780,10
8781,7
8782,7
8783,3
8784,17
8785,11
8786,118
8787,15
8788,1
8789,11
8790,13
8791,8
8792,13
8793,5
8794,7
8795,11
8796,8
8797,5
8798,101
8799,23
8800,11
8801,36
8802,81
8803,11
8804,8
8805,11
8806,1
8807,6
8808,18
8809,15
8810,1
8811,110
8812,14
8813,8
8814,14
8815,7
8816,6
8817,10
8818,5
8819,51
8820,11
8821,1
8822,17
8823,146
8824,0
8825,8
8826,36
8827,1
8828,14
8829,1
8830,6
8831,11
8832,10
8833,18
8834,203
8835,167
8836,12
8837,23
8838,9
8839,15
8840,11
8841,5
8842,9
8843,5
8844,8
8845,1
8846,1
8847,123
8848,9
8849,14
8850,17
8851,1
8852,7
8853,8
8854,10
8855,6
8856,10
8857,8
8858,0
8859,6
8860,31
8861,36
8862,27
8863,8
8864,7
8865,14
8866,8
8867,8
8868,23
8869,8
8870,7
8871,14
8872,8
8873,8
8874,14
8875,71
8876,14
8877,6
8878,14
8879,11
8880,5
8881,11
8882,7
8883,7
8884,0
8885,36
8886,13
8887,5
8888,14
8889,5
8890,11
8891,17
8892,8
8893,7
8894,14
8895,1
8896,158
8897,180
8898,1
8899,7
8900,14
8901,11
8902,1
8903,7
8904,18
8905,7
8906,5
8907,8
8908,17
8909,170
8910,36
8911,11
8912,81
8913,8
8914,10
8915,8
8916,118
8917,10
8918,10
8919,17
8920,11
8921,8
8922,0
8923,1
8924,14
8925,9
8926,11
8927,6
8928,23
8929,10
8930,1
8931,15
8932,6
8933,15
8934,7
8935,9
8936,10
8937,8
8938,0
8939,23
8940,14
8941,7
8942,15
8943,8
8944,14
8945,1
8946,101
8947,7
8948,0
8949,1
8950,14
8951,5
8952,5
8953,11
8954,10
8955,11
8956,1
8957,5
8958,8
8959,31
8960,14
8961,17
8962,0
8963,11
8964,5
8965,159
8966,0
8967,7
8968,9
8969,17
8970,23
8971,5
8972,81
8973,8
8974,8
8975,6
8976,14
8977,8
8978,10
8979,7
8980,23
8981,11
8982,6
8983,1
8984,1
8985,81
8986,1
8987,5
8988,6
8989,6
8990,1
8991,8
8992,8
8993,13
8994,10
8995,11
8996,14
8997,81
8998,71
8999,5
9000,8
9001,5
9002,8
9003,23
9004,51
9005,8
9006,11
9007,1
9008,7
9009,158
9010,10
9011,129
9012,10
9013,0
9014,7
9015,81
9016,5
9017,15
9018,10
9019,11
9020,8
9021,5
9022,6
9023,7
9024,10
9025,11
9026,1
9027,7
9028,7
9029,5
9030,1
9031,1
9032,13
9033,8
9034,14
9035,10
9036,10
9037,1
9038,6
9039,10
9040,7
9041,23
9042,5
9043,6
9044,10
9045,23
9046,5
9047,204
9048,1
9049,10
9050,11
9051,1
9052,11
9053,6
9054,7
9055,31
9056,10
9057,205
9058,5
9059,8
9060,0
9061,123
9062,1
9063,10
9064,146
9065,0
9066,8
9067,14
9068,7
9069,7
9070,167
9071,14
9072,0
9073,14
9074,7
9075,7
9076,14
9077,11
9078,5
9079,6
9080,110
9081,23
9082,10
9083,10
9084,0
9085,9
9086,1
9087,155
9088,8
9089,158
9090,7
9091,14
9092,14
9093,0
9094,0
9095,1
9096,14
9097,14
9098,101
9099,1
9100,6
9101,11
9102,6
9103,23
9104,11
9105,110
9106,18
9107,17
9108,11
9109,10
9110,14
9111,5
9112,11
9113,8
9114,1
9115,9
9116,8
9117,7
9118,14
9119,0
9120,8
9121,7
9122,0
9123,1
9124,1
9125,5
9126,11
9127,10
9128,1
9129,11
9130,9
9131,11
9132,10
9133,5
9134,5
9135,44
9136,1
9137,0
9138,10
9139,5
9140,14
9141,8
9142,14
9143,0
9144,11
9145,1
9146,5
9147,10
9148,6
9149,51
9150,15
9151,10
9152,23
9153,10
9154,15
9155,14
9156,10
9157,11
9158,14
9159,206
9160,11
9161,8
9162,5
9163,23
9164,5
9165,11
9166,8
9167,1
9168,10
9169,168
9170,7
9171,5
9172,36
9173,8
9174,8
9175,14
9176,7
9177,11
9178,7
9179,8
9180,11
9181,10
9182,23
9183,14
9184,1
9185,81
9186,11
9187,10
9188,10
9189,14
9190,1
9191,6
9192,8
9193,8
9194,23
9195,1
9196,1
9197,5
9198,11
9199,10
9200,14
9201,14
9202,123
9203,11
9204,7
9205,51
9206,36
9207,5
9208,1
9209,8
9210,10
9211,10
9212,11
9213,1
9214,8
9215,14
9216,10
9217,8
9218,9
9219,8
9220,6
9221,5
9222,17
9223,9
9224,7
9225,9
9226,155
9227,23
9228,11
9229,8
9230,5
9231,1
9232,1
9233,7
9234,36
9235,10
9236,15
9237,6
9238,1
9239,51
9240,6
9241,8
9242,11
9243,140
9244,6
9245,8
9246,7
9247,11
9248,7
9249,11
9250,13
9251,81
9252,14
9253,8
9254,11
9255,7
9256,8
9257,5
9258,12
9259,10
9260,11
9261,14
9262,7
9263,7
9264,10
9265,11
9266,5
9267,10
9268,123
9269,14
9270,8
9271,1
9272,23
9273,7
9274,7
9275,44
9276,14
9277,17
9278,7
9279,5
9280,6
9281,10
9282,8
9283,11
9284,10
9285,11
9286,8
9287,14
9288,1
9289,8
9290,10
9291,11
9292,5
9293,10
9294,13
9295,7
9296,10
9297,51
9298,9
9299,8
9300,7
9301,31
9302,14
9303,7
9304,14
9305,9
9306,1
9307,18
9308,11
9309,14
9310,14
9311,5
9312,7
9313,5
9314,1
9315,44
9316,11
9317,5
9318,11
9319,10
9320,11
9321,8
9322,5
9323,5
9324,9
9325,8
9326,10
9327,168
9328,5
9329,10
9330,8
9331,14
9332,6
9333,1
9334,6
9335,1
9336,10
9337,140
9338,7
9339,6
9340,51
9341,36
9342,14
9343,5
9344,207
9345,11
9346,7
9347,11
9348,14
9349,1
9350,10
9351,0
9352,129
9353,1
9354,14
9355,7
9356,11
9357,5
9358,10
9359,10
9360,14
9361,7
9362,3
9363,146
9364,6
9365,9
9366,5
9367,0
9368,81
9369,11
9370,6
9371,14
9372,11
9373,6
9374,10
9375,7
9376,13
9377,6
9378,7
9379,14
9380,11
9381,6
9382,36
9383,6
9384,8
9385,1
9386,208
9387,36
9388,8
9389,36
9390,123
9391,8
9392,123
9393,1
9394,11
9395,181
9396,8
9397,9
9398,1
9399,10
9400,110
9401,6
9402,11
9403,10
9404,18
9405,14
9406,11
9407,13
9408,9
9409,14
9410,10
9411,10
9412,1
9413,71
9414,18
9415,8
9416,14
9417,1
9418,10
9419,6
9420,5
9421,14
9422,14
9423,11
9424,14
9425,51
9426,8
9427,10
9428,7
9429,8
9430,81
9431,8
9432,10
9433,101
9434,8
9435,10
9436,5
9437,13
9438,51
9439,14
9440,10
9441,3
9442,18
9443,101
9444,10
9445,5
9446,17
9447,14
9448,109
9449,5
9450,11
9451,9
9452,11
9453,23
9454,10
9455,71
9456,7
9457,5
9458,5
9459,0
9460,8
9461,9
9462,8
9463,23
9464,6
9465,10
9466,14
9467,11
9468,1
9469,5
9470,6
9471,14
9472,17
9473,6
9474,11
9475,10
9476,36
9477,5
9478,123
9479,18
9480,14
9481,27
9482,36
9483,6
9484,8
9485,5
9486,14
9487,5
9488,11
9489,182
9490,7
9491,14
9492,23
9493,5
9494,1
9495,10
9496,1
9497,36
9498,18
9499,5
9500,5
9501,23
9502,7
9503,8
9504,8
9505,146
9506,36
9507,14
9508,8
9509,181
9510,8
9511,8
9512,8
9513,10
9514,159
9515,8
9516,8
9517,11
9518,11
9519,9
9520,17
9521,5
9522,11
9523,5
9524,13
9525,13
9526,5
9527,0
9528,21
9529,11
9530,10
9531,8
9532,15
9533,1
9534,11
9535,14
9536,36
9537,5
9538,8
9539,81
9540,11
9541,0
9542,7
9543,9
9544,10
9545,9
9546,11
9547,1
9548,180
9549,0
9550,71
9551,51
9552,3
9553,11
9554,23
9555,9
9556,8
9557,8
9558,167
9559,1
9560,51
9561,5
9562,11
9563,3
9564,10
9565,6
9566,15
9567,118
9568,7
9569,8
9570,5
9571,10
9572,11
9573,11
9574,1
9575,14
9576,11
9577,15
9578,11
9579,23
9580,10
9581,3
9582,118
9583,11
9584,15
9585,15
9586,14
9587,10
9588,1
9589,10
9590,11
9591,14
9592,110
9593,0
9594,14
9595,8
9596,10
9597,14
9598,10
9599,10
9600,160
9601,5
9602,14
9603,1
9604,6
9605,5
9606,6
9607,14
9608,23
9609,5
9610,13
9611,5
9612,13
9613,0
9614,10
9615,14
9616,23
9617,10
9618,5
9619,15
9620,8
9621,8
9622,8
9623,23
9624,6
9625,8
9626,10
9627,6
9628,7
9629,8
9630,36
9631,14
9632,10
9633,14
9634,14
9635,15
9636,7
9637,11
9638,10
9639,17
9640,11
9641,10
9642,8
9643,7
9644,23
9645,146
9646,8
9647,10
9648,5
9649,9
9650,10
9651,110
9652,6
9653,0
9654,11
9655,1
9656,10
9657,5
9658,6
9659,1
9660,11
9661,23
9662,1
9663,7
9664,7
9665,14
9666,8
9667,0
9668,1
9669,14
9670,155
9671,8
9672,209
9673,0
9674,6
9675,9
9676,8
9677,8
9678,10
9679,5
9680,10
9681,10
9682,210
9683,6
9684,7
9685,14
9686,1
9687,11
9688,18
9689,7
9690,1
9691,6
9692,10
9693,8
9694,10
9695,6
9696,36
9697,14
9698,1
9699,5
9700,11
9701,8
9702,14
9703,5
9704,7
9705,10
9706,8
9707,3
9708,6
9709,10
9710,9
9711,3
9712,5
9713,13
9714,9
9715,1
9716,23
9717,1
9718,8
9719,179
9720,10
9721,7
9722,23
9723,8
9724,11
9725,5
9726,5
9727,13
9728,15
9729,7
9730,10
9731,10
9732,14
9733,5
9734,5
9735,10
9736,7
9737,7
9738,1
9739,8
9740,36
9741,27
9742,10
9743,9
9744,23
9745,7
9746,7
9747,31
9748,10
9749,11
9750,8
9751,11
9752,0
9753,9
9754,7
9755,10
9756,109
9757,8
9758,11
9759,6
9760,14
9761,15
9762,7
9763,23
9764,51
9765,10
9766,5
9767,11
9768,13
9769,5
9770,5
9771,8
9772,10
9773,10
9774,8
9775,5
9776,10
9777,9
9778,5
9779,10
9780,17
9781,11
9782,8
9783,8
9784,14
9785,7
9786,8
9787,11
9788,8
9789,10
9790,15
9791,14
9792,11
9793,15
9794,1
9795,1
9796,11
9797,7
9798,9
9799,5
9800,7
9801,8
9802,5
9803,1
9804,13
9805,5
9806,8
9807,11
9808,11
9809,8
9810,8
9811,5
9812,6
9813,17
9814,11
9815,1
9816,1
9817,1
9818,159
9819,8
9820,1
9821,11
9822,31
9823,10
9824,23
9825,10
9826,160
9827,5
9828,23
9829,8
9830,1
9831,11
9832,10
9833,1
9834,7
9835,8
9836,8
9837,7
9838,51
9839,8
9840,11
9841,14
9842,5
9843,1
9844,10
9845,8
9846,123
9847,6
9848,5
9849,7
9850,5
9851,8
9852,17
9853,8
9854,44
9855,14
9856,8
9857,71
9858,8
9859,7
9860,5
9861,36
9862,7
9863,10
9864,1
9865,0
9866,15
9867,7
9868,15
9869,0
9870,23
9871,15
9872,11
9873,6
9874,23
9875,1
9876,7
9877,15
9878,17
9879,6
9880,1
9881,15
9882,6
9883,11
9884,17
9885,14
9886,10
9887,6
9888,11
9889,51
9890,1
9891,71
9892,11
9893,8
9894,13
9895,5
9896,8
9897,15
9898,13
9899,23
9900,17
9901,51
9902,5
9903,8
9904,10
9905,14
9906,11
9907,140
9908,36
9909,51
9910,13
9911,7
9912,5
9913,0
9914,14
9915,11
9916,8
9917,10
9918,31
9919,5
9920,8
9921,10
9922,8
9923,6
9924,14
9925,51
9926,0
9927,7
9928,101
9929,8
9930,1
9931,1
9932,9
9933,11
9934,81
9935,5
9936,23
9937,23
9938,14
9939,10
9940,1
9941,10
9942,10
9943,10
9944,10
9945,15
9946,211
9947,10
9948,9
9949,7
9950,14
9951,0
9952,11
9953,14
9954,11
9955,5
9956,71
9957,11
9958,17
9959,11
9960,18
9961,8
9962,6
9963,6
9964,1
9965,5
9966,13
9967,8
9968,11
9969,6
9970,1
9971,8
9972,10
9973,8
9974,101
9975,14
9976,23
9977,14
9978,13
9979,8
9980,8
9981,11
9982,11
9983,10
9984,11
9985,14
9986,6
9987,8
9988,23
9989,13
9990,5
9991,10
9992,5
9993,1
9994,81
9995,9
9996,10
9997,17
9998,8
9999,8
10000,7
